Unique_ID,Similarity_Score
0,0.5853295102715492
1,0.5940846279263496
2,0.7315438091754913
3,0.7106953859329224
4,0.69623002409935
5,0.6262469440698624
6,0.6428724676370621
7,0.750062882900238
8,0.6839127689599991
9,0.7988771200180054
10,0.6219054907560349
11,0.6305066794157028
12,0.6515607535839081
13,0.7339060008525848
14,0.6710504740476608
15,0.6151662170886993
16,0.6016423106193542
17,0.5661061778664589
18,0.8052712976932526
19,0.7402794361114502
20,0.6005981415510178
21,0.6456527560949326
22,0.6498472392559052
23,0.6019567176699638
24,0.6738741397857666
25,0.7058394551277161
26,0.6874432563781738
27,0.7179533541202545
28,0.6587520837783813
29,0.6661515384912491
30,0.6033763289451599
31,0.5804688930511475
32,0.7073297500610352
33,0.7638882100582123
34,0.6126155033707619
35,0.6872241348028183
36,0.7594923079013824
37,0.7056752890348434
38,0.607460506260395
39,0.6085943654179573
40,0.6271530538797379
41,0.6124590709805489
42,0.621755450963974
43,0.7334609776735306
44,0.6743767261505127
45,0.6828404515981674
46,0.6924010217189789
47,0.6727088242769241
48,0.6773980408906937
49,0.6896615624427795
50,0.7109513729810715
51,0.6012515425682068
52,0.6039423272013664
53,0.5983961522579193
54,0.7084411084651947
55,0.7096221596002579
56,0.7290694266557693
57,0.59291872382164
58,0.74920953810215
59,0.5932774990797043
60,0.7247227281332016
61,0.7738706767559052
62,0.5892249643802643
63,0.6031504124403
64,0.587205320596695
65,0.5927955061197281
66,0.7125526964664459
67,0.5828999876976013
68,0.7911265194416046
69,0.7409887909889221
70,0.7361668199300766
71,0.5549689568579197
72,0.6159435138106346
73,0.6972934901714325
74,0.6301421374082565
75,0.5952789634466171
76,0.613569051027298
77,0.6251935064792633
78,0.7507573366165161
79,0.6228277534246445
80,0.6227959990501404
81,0.6330875903367996
82,0.6545391082763672
83,0.6277292668819427
84,0.583941750228405
85,0.5703073069453239
86,0.6696116626262665
87,0.703174039721489
88,0.733275517821312
89,0.7796853184700012
90,0.605467900633812
91,0.6313248574733734
92,0.6304290443658829
93,0.691530168056488
94,0.7605801820755005
95,0.614914283156395
96,0.686773806810379
97,0.6118933260440826
98,0.6259139776229858
99,0.6469410955905914
100,0.5948325991630554
101,0.6386721134185791
102,0.6495623737573624
103,0.6727913916110992
104,0.6946627497673035
105,0.6458701342344284
106,0.6766664981842041
107,0.593823254108429
108,0.5967219322919846
109,0.5513651892542839
110,0.609659805893898
111,0.6685974597930908
112,0.6592746078968048
113,0.6937908232212067
114,0.6066372469067574
115,0.7638034820556641
116,0.6580151319503784
117,0.5974696800112724
118,0.629045695066452
119,0.663425624370575
120,0.6576363444328308
121,0.6613848954439163
122,0.8006627857685089
123,0.6609562337398529
124,0.691935271024704
125,0.652195081114769
126,0.6881022155284882
127,0.6176851093769073
128,0.6057219877839088
129,0.6000949591398239
130,0.6539948880672455
131,0.671705350279808
132,0.6946354508399963
133,0.5985646620392799
134,0.5996207073330879
135,0.6994621157646179
136,0.6433669626712799
137,0.6288448423147202
138,0.7004840672016144
139,0.5833791941404343
140,0.6641542464494705
141,0.7067015469074249
142,0.5785015448927879
143,0.6286291033029556
144,0.6308910399675369
145,0.621466651558876
146,0.7618590593338013
147,0.666210725903511
148,0.662261962890625
149,0.617563933134079
150,0.6642904728651047
151,0.6117635145783424
152,0.5795013681054115
153,0.6184047311544418
154,0.6635136902332306
155,0.5653781965374947
156,0.762397289276123
157,0.65528404712677
158,0.6420611888170242
159,0.8452292084693909
160,0.6416728049516678
161,0.8309473395347595
162,0.6311402469873428
163,0.6141851544380188
164,0.6353819072246552
165,0.734613686800003
166,0.6506316065788269
167,0.636909082531929
168,0.6832059472799301
169,0.7005058825016022
170,0.6500488221645355
171,0.6328529417514801
172,0.5999545827507973
173,0.6906012296676636
174,0.6038374379277229
175,0.6722532510757446
176,0.6986990422010422
177,0.7531354129314423
178,0.631839320063591
179,0.691171795129776
180,0.5888780653476715
181,0.8040398061275482
182,0.7569419741630554
183,0.6297327429056168
184,0.6714249551296234
185,0.7218576669692993
186,0.6065231561660767
187,0.67452771961689
188,0.6880094707012177
189,0.6276874095201492
190,0.7521043121814728
191,0.6590999066829681
192,0.5871550664305687
193,0.6250832974910736
194,0.703169971704483
195,0.5538174919784069
196,0.7321274876594543
197,0.596211239695549
198,0.6652308106422424
199,0.7389423996210098
200,0.6703883856534958
201,0.6426507830619812
202,0.6060853898525238
203,0.6156587898731232
204,0.5727577060461044
205,0.7029947340488434
206,0.7102071940898895
207,0.7109712064266205
208,0.5870125740766525
209,0.6472389400005341
210,0.5518069714307785
211,0.671089306473732
212,0.5592242889106274
213,0.6503881514072418
214,0.6620911508798599
215,0.5965475216507912
216,0.5744227841496468
217,0.6566626280546188
218,0.7145892679691315
219,0.6477551460266113
220,0.62382373213768
221,0.7188936173915863
222,0.647795245051384
223,0.612513855099678
224,0.6490564346313477
225,0.6479296982288361
226,0.6226683557033539
227,0.6266033798456192
228,0.6576320827007294
229,0.597414918243885
230,0.6406898945569992
231,0.697801262140274
232,0.5880450829863548
233,0.6083541363477707
234,0.7305021584033966
235,0.6433108299970627
236,0.6834674775600433
237,0.6743424236774445
238,0.7149456292390823
239,0.6703775823116302
240,0.634225457906723
241,0.6759355962276459
242,0.5917047560214996
243,0.6529884338378906
244,0.7058214545249939
245,0.6768673211336136
246,0.6423787921667099
247,0.6195676401257515
248,0.655100479722023
249,0.6100646406412125
250,0.6595018953084946
251,0.6370699405670166
252,0.6464440822601318
253,0.6075059026479721
254,0.7855668663978577
255,0.6447770297527313
256,0.5590417422354221
257,0.5975085645914078
258,0.5735684633255005
259,0.6574649214744568
260,0.6098025068640709
261,0.635139524936676
262,0.7307415008544922
263,0.6928144693374634
264,0.7158160954713821
265,0.6520445048809052
266,0.6676178276538849
267,0.6291908174753189
268,0.710070475935936
269,0.596510723233223
270,0.6897410750389099
271,0.6293366551399231
272,0.7169958204030991
273,0.5916846469044685
274,0.8640009164810181
275,0.7863219082355499
276,0.5707889199256897
277,0.6005790457129478
278,0.7302037477493286
279,0.603622741997242
280,0.7416265308856964
281,0.6775207072496414
282,0.6392638832330704
283,0.57620619982481
284,0.8986615538597107
285,0.6220528334379196
286,0.5581521764397621
287,0.5403757803142071
288,0.5811008363962173
289,0.5947097614407539
290,0.6505272090435028
291,0.6773970425128937
292,0.6574015319347382
293,0.6009194105863571
294,0.7385860681533813
295,0.6166126877069473
296,0.6201730445027351
297,0.6793995201587677
298,0.6875473409891129
299,0.7356152683496475
300,0.608671709895134
301,0.7461429983377457
302,0.6801179051399231
303,0.704772561788559
304,0.7617072463035583
305,0.716925173997879
306,0.6513659656047821
307,0.6606075614690781
308,0.597334161400795
309,0.6008832082152367
310,0.6561231911182404
311,0.7100698202848434
312,0.6469451040029526
313,0.6111862510442734
314,0.7204016596078873
315,0.5901826620101929
316,0.5970891714096069
317,0.601263552904129
318,0.5854294747114182
319,0.7473028004169464
320,0.6163932830095291
321,0.6803898960351944
322,0.7740479707717896
323,0.6528097987174988
324,0.6041535064578056
325,0.5947961509227753
326,0.7097469419240952
327,0.715609684586525
328,0.786646842956543
329,0.8313051164150238
330,0.6107449606060982
331,0.608799159526825
332,0.6207339689135551
333,0.7532811164855957
334,0.7162824422121048
335,0.6821224987506866
336,0.619019478559494
337,0.7181887328624725
338,0.6530973166227341
339,0.6266586631536484
340,0.566705197095871
341,0.5671976059675217
342,0.6373073309659958
343,0.6353881806135178
344,0.675085574388504
345,0.6501641273498535
346,0.5878626853227615
347,0.5546240508556366
348,0.5886746570467949
349,0.6130105257034302
350,0.5628325566649437
351,0.7255559265613556
352,0.7026784718036652
353,0.658330962061882
354,0.6519569158554077
355,0.5839981883764267
356,0.6435052454471588
357,0.5926666781306267
358,0.5999328419566154
359,0.6580574661493301
360,0.629421204328537
361,0.7718123197555542
362,0.690625935792923
363,0.6865571737289429
364,0.6189736127853394
365,0.687350258231163
366,0.6761210411787033
367,0.5549044199287891
368,0.5995326191186905
369,0.6129360347986221
370,0.6907281130552292
371,0.6955030262470245
372,0.6345705389976501
373,0.6352629065513611
374,0.6093358024954796
375,0.6144524961709976
376,0.6300519406795502
377,0.8371566534042358
378,0.6238225474953651
379,0.6965466439723969
380,0.6998454034328461
381,0.5846311971545219
382,0.6193043515086174
383,0.5732300356030464
384,0.6174899637699127
385,0.6627042293548584
386,0.5855739787220955
387,0.6631159335374832
388,0.6036059260368347
389,0.5666116774082184
390,0.6456610560417175
391,0.6171475276350975
392,0.7216628342866898
393,0.6558530181646347
394,0.6441307961940765
395,0.6236806511878967
396,0.6672446727752686
397,0.6303389072418213
398,0.6927157491445541
399,0.6680954396724701
400,0.7478974461555481
401,0.6287495940923691
402,0.5807617679238319
403,0.6224495321512222
404,0.6530656665563583
405,0.8373726010322571
406,0.5826384574174881
407,0.7271763235330582
408,0.6870505809783936
409,0.6578290909528732
410,0.6373599320650101
411,0.6784722059965134
412,0.7091917395591736
413,0.5720119774341583
414,0.6332608312368393
415,0.6478874534368515
416,0.5907135158777237
417,0.5524391643702984
418,0.6511254906654358
419,0.6716924160718918
420,0.6389053165912628
421,0.668928325176239
422,0.7450278997421265
423,0.794627457857132
424,0.6450705081224442
425,0.627470389008522
426,0.6404603123664856
427,0.6185699328780174
428,0.693928599357605
429,0.7930153012275696
430,0.6060786470770836
431,0.5490473173558712
432,0.6039968281984329
433,0.7350907325744629
434,0.6837909370660782
435,0.5720412656664848
436,0.6884635835886002
437,0.7067212164402008
438,0.6518842577934265
439,0.5735430419445038
440,0.5661670938134193
441,0.6355709582567215
442,0.8152154088020325
443,0.6189379543066025
444,0.6069668829441071
445,0.5742275416851044
446,0.75975301861763
447,0.6236137598752975
448,0.6050960868597031
449,0.7960681915283203
450,0.7113418281078339
451,0.7338797152042389
452,0.6130738332867622
453,0.7632246613502502
454,0.681581437587738
455,0.5969412624835968
456,0.616141214966774
457,0.5980775058269501
458,0.6336332559585571
459,0.6697759032249451
460,0.7389163374900818
461,0.6354404389858246
462,0.7125830352306366
463,0.7489666789770126
464,0.6830927431583405
465,0.5989400818943977
466,0.6324159353971481
467,0.5985668003559113
468,0.6011644676327705
469,0.6725717782974243
470,0.6569397002458572
471,0.6558970957994461
472,0.8662715256214142
473,0.6445787400007248
474,0.6055923178792
475,0.6579852551221848
476,0.6034192219376564
477,0.784871518611908
478,0.609681710600853
479,0.6245584636926651
480,0.611933097243309
481,0.7007972747087479
482,0.6254356205463409
483,0.7204741388559341
484,0.5271416027098894
485,0.6798121184110641
486,0.6406316012144089
487,0.7535620927810669
488,0.6793661117553711
489,0.6442728936672211
490,0.5766457691788673
491,0.6419034004211426
492,0.5726460739970207
493,0.6523952633142471
494,0.6224594414234161
495,0.7338121384382248
496,0.6908136606216431
497,0.5914125218987465
498,0.5864374116063118
499,0.683831125497818
500,0.6123747453093529
501,0.776904284954071
502,0.7709122598171234
503,0.7609408497810364
504,0.5762519091367722
505,0.5981601923704147
506,0.5938202440738678
507,0.6157916039228439
508,0.6959183067083359
509,0.7128010392189026
510,0.597767286002636
511,0.6289418637752533
512,0.7507158517837524
513,0.5809097960591316
514,0.713654026389122
515,0.6407355219125748
516,0.6962877362966537
517,0.5729715824127197
518,0.6862147897481918
519,0.6130281239748001
520,0.5691795647144318
521,0.5919266194105148
522,0.7808888554573059
523,0.7400146275758743
524,0.6828529536724091
525,0.6825159192085266
526,0.688796192407608
527,0.7110841274261475
528,0.6415132582187653
529,0.6562653928995132
530,0.5973369479179382
531,0.7482120096683502
532,0.6863392442464828
533,0.6332124620676041
534,0.7880556881427765
535,0.831804484128952
536,0.6375096589326859
537,0.6427756994962692
538,0.6425779908895493
539,0.7528518438339233
540,0.7153938412666321
541,0.5934314206242561
542,0.6694671362638474
543,0.6607561707496643
544,0.6702984273433685
545,0.6681402027606964
546,0.68525829911232
547,0.6553799957036972
548,0.6327870786190033
549,0.780430406332016
550,0.5913545787334442
551,0.7927235960960388
552,0.7175367474555969
553,0.6868583261966705
554,0.7126982510089874
555,0.7143698632717133
556,0.7155841588973999
557,0.696220189332962
558,0.726190984249115
559,0.5720139369368553
560,0.6010589152574539
561,0.6011063680052757
562,0.6900922954082489
563,0.5880166068673134
564,0.603151261806488
565,0.5698745027184486
566,0.5878662616014481
567,0.7651966214179993
568,0.6129123419523239
569,0.5973750650882721
570,0.645179346203804
571,0.7000000178813934
572,0.6336789727210999
573,0.6313959807157516
574,0.5953836813569069
575,0.7856296896934509
576,0.7013721466064453
577,0.5864831060171127
578,0.6020257249474525
579,0.6267879009246826
580,0.561528354883194
581,0.7227893471717834
582,0.6357803493738174
583,0.6976902037858963
584,0.6077181473374367
585,0.6680620461702347
586,0.6721776276826859
587,0.5754194930195808
588,0.5751281008124352
589,0.6669618934392929
590,0.6728178262710571
591,0.6618518978357315
592,0.6981163918972015
593,0.6098125576972961
594,0.6224395483732224
595,0.5760645121335983
596,0.672932580113411
597,0.6488659232854843
598,0.6525784134864807
599,0.6805181354284286
600,0.7181804478168488
601,0.6610986143350601
602,0.8220010101795197
603,0.740728110074997
604,0.5809191465377808
605,0.5995835363864899
606,0.5932257398962975
607,0.7527669966220856
608,0.7240573614835739
609,0.6867847144603729
610,0.6175479218363762
611,0.5411640293896198
612,0.6351386308670044
613,0.6651159524917603
614,0.7025558948516846
615,0.7282043695449829
616,0.5510543957352638
617,0.6263597011566162
618,0.6777313053607941
619,0.7059501856565475
620,0.6523702293634415
621,0.63700170814991
622,0.7952555418014526
623,0.6169067770242691
624,0.5896972119808197
625,0.6481197029352188
626,0.6191695481538773
627,0.7273551821708679
628,0.7168982774019241
629,0.5876008719205856
630,0.6560000330209732
631,0.6214425340294838
632,0.674334853887558
633,0.7328265011310577
634,0.6248362883925438
635,0.6253328919410706
636,0.6003536432981491
637,0.6137795075774193
638,0.6994307339191437
639,0.6474926024675369
640,0.627429872751236
641,0.6208470091223717
642,0.7917679846286774
643,0.6235867217183113
644,0.6456567943096161
645,0.6242828965187073
646,0.5554059036076069
647,0.6407931298017502
648,0.6691629588603973
649,0.6439832299947739
650,0.6173298805952072
651,0.6083876565098763
652,0.6223845332860947
653,0.5481052473187447
654,0.6387751251459122
655,0.5945379361510277
656,0.6473225653171539
657,0.623177707195282
658,0.5825906321406364
659,0.6695214509963989
660,0.6963898986577988
661,0.704562783241272
662,0.66513492166996
663,0.7326782047748566
664,0.6402104496955872
665,0.7475805282592773
666,0.6087814196944237
667,0.7768699824810028
668,0.6032232195138931
669,0.7419185638427734
670,0.6836470514535904
671,0.6538166999816895
672,0.6102459579706192
673,0.6187561079859734
674,0.6106468439102173
675,0.6064809635281563
676,0.6053786426782608
677,0.6799583435058594
678,0.6503539383411407
679,0.6529993265867233
680,0.8245124518871307
681,0.7258331477642059
682,0.7367072403430939
683,0.6254042983055115
684,0.706078290939331
685,0.6830454766750336
686,0.6751054674386978
687,0.7009723633527756
688,0.6540204882621765
689,0.6428761184215546
690,0.6354988664388657
691,0.7207733243703842
692,0.6061525568366051
693,0.6657419502735138
694,0.7444390654563904
695,0.746075451374054
696,0.8255808353424072
697,0.7207354605197906
698,0.5905518978834152
699,0.5541875325143337
700,0.5657499432563782
701,0.718632385134697
702,0.6512067764997482
703,0.7494443953037262
704,0.5590917989611626
705,0.6618488878011703
706,0.5785829499363899
707,0.6314626634120941
708,0.6606531292200089
709,0.5851653590798378
710,0.571166418492794
711,0.6546210497617722
712,0.6413693726062775
713,0.6495776772499084
714,0.6780907958745956
715,0.6754104048013687
716,0.7079485803842545
717,0.6112314537167549
718,0.7418055534362793
719,0.7947354912757874
720,0.6792169362306595
721,0.7016390115022659
722,0.646930068731308
723,0.6155140995979309
724,0.6349912583827972
725,0.6209387108683586
726,0.5789945796132088
727,0.6324708610773087
728,0.6896785348653793
729,0.5958670228719711
730,0.7265743166208267
731,0.6321007907390594
732,0.7206999957561493
733,0.5756487771868706
734,0.6132663786411285
735,0.722291499376297
736,0.6706611514091492
737,0.6624777466058731
738,0.6999955624341965
739,0.6489548087120056
740,0.6898918747901917
741,0.5560189709067345
742,0.6277547925710678
743,0.6577474772930145
744,0.620575800538063
745,0.6546937972307205
746,0.6011004000902176
747,0.7444131821393967
748,0.7565930783748627
749,0.6372211873531342
750,0.6881947666406631
751,0.606520026922226
752,0.5961944758892059
753,0.7126666605472565
754,0.6466667354106903
755,0.6720225960016251
756,0.647976279258728
757,0.620662696659565
758,0.5852103754878044
759,0.6158309280872345
760,0.7418218553066254
761,0.5859089195728302
762,0.5977860167622566
763,0.5735051110386848
764,0.6061514317989349
765,0.6844783425331116
766,0.5996136218309402
767,0.6125215739011765
768,0.6827941685914993
769,0.6349025666713715
770,0.5819601342082024
771,0.6504863351583481
772,0.6140507459640503
773,0.6204237192869186
774,0.623406358063221
775,0.5875559449195862
776,0.6670559644699097
777,0.5894685462117195
778,0.5878827571868896
779,0.6459151953458786
780,0.5843619257211685
781,0.5975393280386925
782,0.6679175198078156
783,0.725296750664711
784,0.705979511141777
785,0.8128918409347534
786,0.8278774321079254
787,0.6473115682601929
788,0.6276196390390396
789,0.7620700895786285
790,0.5969612523913383
791,0.6405703872442245
792,0.5631006956100464
793,0.7357430458068848
794,0.6045161187648773
795,0.8629656136035919
796,0.6952838152647018
797,0.6733269095420837
798,0.6082219034433365
799,0.732780709862709
800,0.5931954756379128
801,0.6935888081789017
802,0.6241334304213524
803,0.8417464196681976
804,0.7410391867160797
805,0.6409722864627838
806,0.6930095553398132
807,0.6105832532048225
808,0.7305464893579483
809,0.6689029633998871
810,0.6757622361183167
811,0.6350725442171097
812,0.5949088484048843
813,0.7055584639310837
814,0.585061140358448
815,0.7266388833522797
816,0.6937583088874817
817,0.7232602685689926
818,0.7403816431760788
819,0.6335199475288391
820,0.757152259349823
821,0.6054486408829689
822,0.7292828410863876
823,0.5504231676459312
824,0.655036985874176
825,0.684677392244339
826,0.6747739762067795
827,0.6600332409143448
828,0.6410597115755081
829,0.6458431929349899
830,0.5665252283215523
831,0.5801833420991898
832,0.5895380899310112
833,0.648555338382721
834,0.6321154683828354
835,0.5965127572417259
836,0.7158735990524292
837,0.6413270235061646
838,0.5745297521352768
839,0.5872634500265121
840,0.5806480273604393
841,0.7466441094875336
842,0.6798665225505829
843,0.6629252284765244
844,0.7438135147094727
845,0.6713569909334183
846,0.6304160058498383
847,0.6676160842180252
848,0.7840696573257446
849,0.6383400112390518
850,0.6735933423042297
851,0.7065908759832382
852,0.7634193003177643
853,0.6622709482908249
854,0.5617431104183197
855,0.5699078664183617
856,0.5754731521010399
857,0.6081555038690567
858,0.6275002509355545
859,0.6516757905483246
860,0.553984671831131
861,0.5769328624010086
862,0.7107563614845276
863,0.8267509639263153
864,0.5886003449559212
865,0.6324098706245422
866,0.6311695128679276
867,0.7657346427440643
868,0.5973983258008957
869,0.6836713701486588
870,0.6663058698177338
871,0.5562469884753227
872,0.7242537587881088
873,0.6507396250963211
874,0.6672195792198181
875,0.6965659856796265
876,0.7435209900140762
877,0.5449076816439629
878,0.5652209371328354
879,0.671968549489975
880,0.7250034213066101
881,0.6289832293987274
882,0.6290845274925232
883,0.678498163819313
884,0.6204830855131149
885,0.7863413393497467
886,0.7046949118375778
887,0.5458047464489937
888,0.7700433433055878
889,0.6421901285648346
890,0.6606971770524979
891,0.6499442756175995
892,0.6096995025873184
893,0.6612977236509323
894,0.6693572402000427
895,0.7509099841117859
896,0.5615678019821644
897,0.7226457744836807
898,0.6274471282958984
899,0.5886036902666092
900,0.63627690076828
901,0.7549188137054443
902,0.6087318658828735
903,0.6128726378083229
904,0.6116129457950592
905,0.5942722335457802
906,0.5808703899383545
907,0.6276435703039169
908,0.6146790832281113
909,0.5905817821621895
910,0.6584395915269852
911,0.6367079317569733
912,0.6322001069784164
913,0.5913704261183739
914,0.7221347391605377
915,0.7315063774585724
916,0.6442508697509766
917,0.7505219876766205
918,0.5959163457155228
919,0.6289759278297424
920,0.7673435807228088
921,0.6745140850543976
922,0.6353331357240677
923,0.7583783566951752
924,0.6276553273200989
925,0.6318801641464233
926,0.669077455997467
927,0.7223910093307495
928,0.675243929028511
929,0.6162594109773636
930,0.7115225046873093
931,0.6971351057291031
932,0.6555852293968201
933,0.6809597164392471
934,0.6615865677595139
935,0.6750696301460266
936,0.5753975734114647
937,0.7064932286739349
938,0.6518079042434692
939,0.6175401955842972
940,0.6813486516475677
941,0.6429396718740463
942,0.7272721379995346
943,0.6143804043531418
944,0.6786552518606186
945,0.6151596829295158
946,0.7205425053834915
947,0.5712380558252335
948,0.5929386839270592
949,0.6890101134777069
950,0.6372971087694168
951,0.6894087046384811
952,0.6036373749375343
953,0.6253177970647812
954,0.5329242907464504
955,0.7155538648366928
956,0.5938698425889015
957,0.7567573189735413
958,0.6492633074522018
959,0.6248439252376556
960,0.6369376182556152
961,0.5966596603393555
962,0.6563734114170074
963,0.5879361853003502
964,0.7548441886901855
965,0.6016987860202789
966,0.6469105780124664
967,0.6404711604118347
968,0.7100998908281326
969,0.6733027547597885
970,0.6401063054800034
971,0.7092788368463516
972,0.6011943444609642
973,0.6313515603542328
974,0.7456031888723373
975,0.6590474992990494
976,0.6298399269580841
977,0.6322970539331436
978,0.6003726050257683
979,0.7135920971632004
980,0.6073310002684593
981,0.805110901594162
982,0.6357167661190033
983,0.6248744502663612
984,0.5914708450436592
985,0.7439217269420624
986,0.6514056324958801
987,0.6692197173833847
988,0.5619300082325935
989,0.6706467270851135
990,0.6691332012414932
991,0.7958016991615295
992,0.8142349421977997
993,0.79888916015625
994,0.6314573138952255
995,0.5916368961334229
996,0.5902884155511856
997,0.8219172358512878
998,0.5762315094470978
999,0.5836295932531357
1000,0.6240977048873901
1001,0.6139968782663345
1002,0.6460951566696167
1003,0.7075285464525223
1004,0.6847808957099915
1005,0.6952486336231232
1006,0.7293924540281296
1007,0.7148308455944061
1008,0.6456494927406311
1009,0.767467737197876
1010,0.6409660130739212
1011,0.6489055901765823
1012,0.6188476532697678
1013,0.6846470981836319
1014,0.7314475476741791
1015,0.6993472278118134
1016,0.6693859845399857
1017,0.5702130496501923
1018,0.6352101266384125
1019,0.6947996616363525
1020,0.6781695634126663
1021,0.7940224707126617
1022,0.5740368962287903
1023,0.5886054188013077
1024,0.6402767151594162
1025,0.5800161734223366
1026,0.762791782617569
1027,0.6419173628091812
1028,0.6462615430355072
1029,0.5723794251680374
1030,0.7017230540513992
1031,0.5608467608690262
1032,0.633705347776413
1033,0.6152080148458481
1034,0.6098402366042137
1035,0.6446251273155212
1036,0.6031512320041656
1037,0.7868154942989349
1038,0.624145433306694
1039,0.7594349980354309
1040,0.6114594638347626
1041,0.6053338199853897
1042,0.6732713729143143
1043,0.6361703872680664
1044,0.6755631566047668
1045,0.6407477110624313
1046,0.7205484360456467
1047,0.5772355273365974
1048,0.6207179129123688
1049,0.7029946744441986
1050,0.5343508683145046
1051,0.6886261999607086
1052,0.5663132071495056
1053,0.6753895878791809
1054,0.6600826680660248
1055,0.7380199581384659
1056,0.64633409678936
1057,0.7517412900924683
1058,0.578702449798584
1059,0.5940222814679146
1060,0.6187179461121559
1061,0.6657667011022568
1062,0.6743538826704025
1063,0.7027655690908432
1064,0.6535095572471619
1065,0.63009013235569
1066,0.658478319644928
1067,0.6812335103750229
1068,0.6761285364627838
1069,0.8009853065013885
1070,0.6291305422782898
1071,0.618042103946209
1072,0.6235347092151642
1073,0.6714172959327698
1074,0.6792566329240799
1075,0.6572215855121613
1076,0.6428804248571396
1077,0.5904549062252045
1078,0.6720464080572128
1079,0.6488450467586517
1080,0.6122432351112366
1081,0.657366469502449
1082,0.6838396489620209
1083,0.6799840033054352
1084,0.7018896639347076
1085,0.71054707467556
1086,0.616025984287262
1087,0.6575810313224792
1088,0.6552975624799728
1089,0.6278844326734543
1090,0.6990769952535629
1091,0.5921076238155365
1092,0.6969916373491287
1093,0.602659098803997
1094,0.7551724016666412
1095,0.5517861694097519
1096,0.624557301402092
1097,0.6210069060325623
1098,0.6984221637248993
1099,0.5858403369784355
1100,0.7088727504014969
1101,0.6981187015771866
1102,0.6108479350805283
1103,0.6151600778102875
1104,0.6490403860807419
1105,0.5759192630648613
1106,0.5909046903252602
1107,0.6948613524436951
1108,0.7448834776878357
1109,0.6333694458007812
1110,0.6248695999383926
1111,0.6827986985445023
1112,0.750569611787796
1113,0.7624068856239319
1114,0.6977460086345673
1115,0.5806192010641098
1116,0.6854669004678726
1117,0.7084421813488007
1118,0.7976332306861877
1119,0.6643430441617966
1120,0.6020157635211945
1121,0.6860914677381516
1122,0.6481582522392273
1123,0.7057392001152039
1124,0.6222300603985786
1125,0.7089611440896988
1126,0.6298289448022842
1127,0.6411943733692169
1128,0.5735335126519203
1129,0.7509708404541016
1130,0.6384803056716919
1131,0.5920061394572258
1132,0.8149751126766205
1133,0.6434221118688583
1134,0.6449212282896042
1135,0.6016217395663261
1136,0.5983361527323723
1137,0.7574151158332825
1138,0.6166685298085213
1139,0.5829014629125595
1140,0.6952439248561859
1141,0.6427605599164963
1142,0.6948607414960861
1143,0.6389091908931732
1144,0.6026396751403809
1145,0.7024194598197937
1146,0.7253853231668472
1147,0.6348242163658142
1148,0.5920432657003403
1149,0.6916735470294952
1150,0.7235655039548874
1151,0.6937425434589386
1152,0.6304570883512497
1153,0.6792099624872208
1154,0.6450815796852112
1155,0.6047779396176338
1156,0.7024500370025635
1157,0.7384803742170334
1158,0.6743821352720261
1159,0.60787133872509
1160,0.5328178703784943
1161,0.6466660499572754
1162,0.7204862385988235
1163,0.722291499376297
1164,0.6045095100998878
1165,0.6265767961740494
1166,0.6073498502373695
1167,0.696302056312561
1168,0.6654462814331055
1169,0.5904552713036537
1170,0.6557026654481888
1171,0.6128851920366287
1172,0.5936234891414642
1173,0.6272905319929123
1174,0.6497295945882797
1175,0.6123323142528534
1176,0.6625780761241913
1177,0.6034022867679596
1178,0.6872897893190384
1179,0.7657930850982666
1180,0.6586280465126038
1181,0.7187151908874512
1182,0.6545380502939224
1183,0.7670120000839233
1184,0.6808772385120392
1185,0.7117405235767365
1186,0.718911349773407
1187,0.8052675127983093
1188,0.5833159983158112
1189,0.5694663226604462
1190,0.639284297823906
1191,0.5064870249480009
1192,0.6725540161132812
1193,0.7132754027843475
1194,0.7435009628534317
1195,0.6490004062652588
1196,0.6211201772093773
1197,0.6428287029266357
1198,0.540299266576767
1199,0.7187994122505188
1200,0.6412775814533234
1201,0.6887511312961578
1202,0.6159897223114967
1203,0.6450721323490143
1204,0.6895890086889267
1205,0.7339157164096832
1206,0.6774152368307114
1207,0.7196456789970398
1208,0.577188715338707
1209,0.6139748767018318
1210,0.6041237935423851
1211,0.6420372873544693
1212,0.6385356485843658
1213,0.7796743810176849
1214,0.6579703539609909
1215,0.6084343791007996
1216,0.6716706156730652
1217,0.6277692019939423
1218,0.6138716414570808
1219,0.6931333690881729
1220,0.6230051219463348
1221,0.6071041822433472
1222,0.6449727118015289
1223,0.7101254016160965
1224,0.6401767283678055
1225,0.6803205162286758
1226,0.6668858528137207
1227,0.6894230842590332
1228,0.5843770429491997
1229,0.7810094952583313
1230,0.680141270160675
1231,0.662491500377655
1232,0.5942593663930893
1233,0.7016147077083588
1234,0.6034810841083527
1235,0.6673486679792404
1236,0.651919424533844
1237,0.5650227218866348
1238,0.6122096851468086
1239,0.6871181130409241
1240,0.6410195380449295
1241,0.6484950631856918
1242,0.7578063011169434
1243,0.6222627237439156
1244,0.6365602612495422
1245,0.6692862510681152
1246,0.7389792799949646
1247,0.6335619986057281
1248,0.6078469902276993
1249,0.6418124735355377
1250,0.5882364436984062
1251,0.6519728749990463
1252,0.8460635542869568
1253,0.6300894170999527
1254,0.5803984478116035
1255,0.5861959382891655
1256,0.6555486172437668
1257,0.664911687374115
1258,0.6600971668958664
1259,0.5808932408690453
1260,0.6510123908519745
1261,0.5895639881491661
1262,0.7160435914993286
1263,0.6906157284975052
1264,0.5689942836761475
1265,0.6249692812561989
1266,0.6735031604766846
1267,0.6127129048109055
1268,0.5986491590738297
1269,0.77598637342453
1270,0.605337381362915
1271,0.6767537295818329
1272,0.7819037735462189
1273,0.658718079328537
1274,0.5902632176876068
1275,0.6743261069059372
1276,0.5898427665233612
1277,0.6247144117951393
1278,0.6349637657403946
1279,0.5904328152537346
1280,0.7147382497787476
1281,0.6554168462753296
1282,0.5687221437692642
1283,0.6396161913871765
1284,0.6988027393817902
1285,0.6259799599647522
1286,0.6053120866417885
1287,0.679500162601471
1288,0.5598495453596115
1289,0.6522238999605179
1290,0.7243753522634506
1291,0.533412754535675
1292,0.6366545110940933
1293,0.6891914904117584
1294,0.6101052910089493
1295,0.6612018346786499
1296,0.735461950302124
1297,0.6606166958808899
1298,0.6498176008462906
1299,0.7111706435680389
1300,0.7071278095245361
1301,0.6286571770906448
1302,0.7335643172264099
1303,0.6676080077886581
1304,0.580481618642807
1305,0.7319380342960358
1306,0.6122718006372452
1307,0.7842016220092773
1308,0.738308846950531
1309,0.566077895462513
1310,0.6757017076015472
1311,0.7731294631958008
1312,0.6711870580911636
1313,0.8150679469108582
1314,0.6911797821521759
1315,0.6975020468235016
1316,0.6096985340118408
1317,0.6097351461648941
1318,0.6032162457704544
1319,0.6418198794126511
1320,0.6243200153112411
1321,0.6754991412162781
1322,0.7487484663724899
1323,0.6056279689073563
1324,0.672777384519577
1325,0.7178168147802353
1326,0.6042429879307747
1327,0.6943913996219635
1328,0.624431312084198
1329,0.7380391210317612
1330,0.6631314009428024
1331,0.6810104250907898
1332,0.6138559803366661
1333,0.6385123580694199
1334,0.6437216699123383
1335,0.6359533965587616
1336,0.6602311581373215
1337,0.6267812848091125
1338,0.726375550031662
1339,0.6911730170249939
1340,0.6728172451257706
1341,0.7222857177257538
1342,0.6692856401205063
1343,0.6256447732448578
1344,0.6670919805765152
1345,0.6435313671827316
1346,0.7349852472543716
1347,0.7135526686906815
1348,0.5842711552977562
1349,0.6010170578956604
1350,0.7947116494178772
1351,0.6188434660434723
1352,0.6388653367757797
1353,0.5795222893357277
1354,0.7124333679676056
1355,0.6114468425512314
1356,0.5854486599564552
1357,0.6202527806162834
1358,0.6175802648067474
1359,0.7159582376480103
1360,0.7840571403503418
1361,0.6093907952308655
1362,0.6781774610280991
1363,0.5544493570923805
1364,0.643465980887413
1365,0.6258913725614548
1366,0.6078500151634216
1367,0.6714604794979095
1368,0.6231759190559387
1369,0.591016136109829
1370,0.6641750633716583
1371,0.7917872369289398
1372,0.6410088688135147
1373,0.6425691843032837
1374,0.6760943531990051
1375,0.5864630416035652
1376,0.65682452917099
1377,0.6486711800098419
1378,0.7229583859443665
1379,0.6891120970249176
1380,0.6691306680440903
1381,0.6599854230880737
1382,0.7182623893022537
1383,0.641764685511589
1384,0.6415860503911972
1385,0.63707634806633
1386,0.6450199782848358
1387,0.6140696629881859
1388,0.658541202545166
1389,0.5956705510616302
1390,0.5618567429482937
1391,0.7742640376091003
1392,0.7989410758018494
1393,0.6034441366791725
1394,0.6437536776065826
1395,0.7183685004711151
1396,0.6159460991621017
1397,0.7291705012321472
1398,0.6800263673067093
1399,0.615873783826828
1400,0.6530910581350327
1401,0.6885379403829575
1402,0.5960541665554047
1403,0.6828103065490723
1404,0.6040099486708641
1405,0.6905275136232376
1406,0.7099896520376205
1407,0.6515464186668396
1408,0.5875853225588799
1409,0.781499058008194
1410,0.687136322259903
1411,0.7301011383533478
1412,0.6695977449417114
1413,0.6096737682819366
1414,0.6686628013849258
1415,0.7003607004880905
1416,0.6970309466123581
1417,0.7182518839836121
1418,0.5769815742969513
1419,0.5900737196207047
1420,0.6361993998289108
1421,0.6665596812963486
1422,0.6103150844573975
1423,0.7407365143299103
1424,0.6018436402082443
1425,0.6325259506702423
1426,0.5681246370077133
1427,0.5751718431711197
1428,0.6504234075546265
1429,0.5811108723282814
1430,0.6739805936813354
1431,0.6847462952136993
1432,0.6703555583953857
1433,0.6544955968856812
1434,0.6644404828548431
1435,0.6288345605134964
1436,0.6939124763011932
1437,0.738122433423996
1438,0.5794922411441803
1439,0.634486511349678
1440,0.6217901706695557
1441,0.6479300409555435
1442,0.6143443882465363
1443,0.7987701892852783
1444,0.6873341798782349
1445,0.7230329811573029
1446,0.5967276617884636
1447,0.696669727563858
1448,0.6417767703533173
1449,0.633244663476944
1450,0.6846403926610947
1451,0.7518404126167297
1452,0.5599207989871502
1453,0.7722204923629761
1454,0.670525386929512
1455,0.607487328350544
1456,0.6794347614049911
1457,0.6467914879322052
1458,0.6110984534025192
1459,0.7835260033607483
1460,0.5475014671683311
1461,0.639851912856102
1462,0.6620001941919327
1463,0.5876404345035553
1464,0.5653048753738403
1465,0.6109735369682312
1466,0.7342364639043808
1467,0.7011775523424149
1468,0.6841271370649338
1469,0.558351919054985
1470,0.74520044028759
1471,0.6258897036314011
1472,0.6867116689682007
1473,0.6614909470081329
1474,0.6548827737569809
1475,0.7306712567806244
1476,0.704101487994194
1477,0.56259386241436
1478,0.5485131703317165
1479,0.5712270438671112
1480,0.5833710730075836
1481,0.70416159927845
1482,0.6267676502466202
1483,0.6537913382053375
1484,0.6815544366836548
1485,0.6994393318891525
1486,0.6291411817073822
1487,0.6558040827512741
1488,0.7797619104385376
1489,0.7255604267120361
1490,0.573296807706356
1491,0.5573564060032368
1492,0.6148868054151535
1493,0.6511359512805939
1494,0.6369860172271729
1495,0.7008141428232193
1496,0.7887766063213348
1497,0.5688791498541832
1498,0.512874498963356
1499,0.5862444266676903
1500,0.6397158950567245
1501,0.5831835865974426
1502,0.6765433102846146
1503,0.5401644967496395
1504,0.6620645523071289
1505,0.5828389525413513
1506,0.7336675524711609
1507,0.555862795561552
1508,0.5957684367895126
1509,0.6869894117116928
1510,0.6304455399513245
1511,0.5522331111133099
1512,0.7682263255119324
1513,0.5982469543814659
1514,0.5937062278389931
1515,0.5944536551833153
1516,0.597799576818943
1517,0.6729946434497833
1518,0.6888793110847473
1519,0.7062361389398575
1520,0.678907722234726
1521,0.6419177800416946
1522,0.8095932304859161
1523,0.7068711668252945
1524,0.7000790387392044
1525,0.660357654094696
1526,0.7622263133525848
1527,0.7684808373451233
1528,0.6467863023281097
1529,0.6733136028051376
1530,0.6171738728880882
1531,0.7044911682605743
1532,0.5509029403328896
1533,0.6105396002531052
1534,0.5599539540708065
1535,0.624126136302948
1536,0.718644842505455
1537,0.5733568444848061
1538,0.7469366788864136
1539,0.5849197655916214
1540,0.6399256139993668
1541,0.6148936897516251
1542,0.6425471603870392
1543,0.6471905559301376
1544,0.6114089041948318
1545,0.739939421415329
1546,0.6083907186985016
1547,0.6375204026699066
1548,0.6538361310958862
1549,0.806659460067749
1550,0.6094351932406425
1551,0.5641257539391518
1552,0.6389487981796265
1553,0.6288994550704956
1554,0.6904082596302032
1555,0.6910846531391144
1556,0.78476881980896
1557,0.7136156558990479
1558,0.6708563715219498
1559,0.7022046446800232
1560,0.5921535566449165
1561,0.6887748688459396
1562,0.6282858997583389
1563,0.7194864898920059
1564,0.7622336745262146
1565,0.7740049660205841
1566,0.6287040263414383
1567,0.6239951699972153
1568,0.6720684319734573
1569,0.6973854303359985
1570,0.6878458708524704
1571,0.6816309094429016
1572,0.6690584868192673
1573,0.652207151055336
1574,0.6192532479763031
1575,0.6800954043865204
1576,0.6670352667570114
1577,0.5709918811917305
1578,0.6114455834031105
1579,0.7646579444408417
1580,0.7758322060108185
1581,0.6120760440826416
1582,0.6807078421115875
1583,0.59894148260355
1584,0.6803676784038544
1585,0.5959155485033989
1586,0.7842302620410919
1587,0.6741966605186462
1588,0.6736994385719299
1589,0.7145480215549469
1590,0.7135546952486038
1591,0.6059869527816772
1592,0.6286666542291641
1593,0.6337149441242218
1594,0.6760756075382233
1595,0.6134555414319038
1596,0.658765584230423
1597,0.739043340086937
1598,0.5579597279429436
1599,0.6663658171892166
1600,0.618361160159111
1601,0.6110978275537491
1602,0.6724559217691422
1603,0.6205167174339294
1604,0.6278254985809326
1605,0.6619353592395782
1606,0.7112110406160355
1607,0.616612009704113
1608,0.548202384263277
1609,0.6157083809375763
1610,0.7246419489383698
1611,0.6494046300649643
1612,0.6101933568716049
1613,0.8605049550533295
1614,0.6902229636907578
1615,0.6457236856222153
1616,0.6761385947465897
1617,0.5958703756332397
1618,0.5700454786419868
1619,0.5922396257519722
1620,0.6888682842254639
1621,0.6101889461278915
1622,0.726895272731781
1623,0.6585916429758072
1624,0.6001815497875214
1625,0.6601309478282928
1626,0.620046578347683
1627,0.6013471782207489
1628,0.6593219041824341
1629,0.8139438331127167
1630,0.6001766920089722
1631,0.6710913777351379
1632,0.6268477737903595
1633,0.7356235384941101
1634,0.6148189902305603
1635,0.7023850232362747
1636,0.7332999855279922
1637,0.5649039670825005
1638,0.7775081396102905
1639,0.5811132118105888
1640,0.7024077922105789
1641,0.5757782906293869
1642,0.7105494439601898
1643,0.674373522400856
1644,0.6275984942913055
1645,0.5932260528206825
1646,0.5842094346880913
1647,0.6820969879627228
1648,0.7390971630811691
1649,0.7243435084819794
1650,0.5719085782766342
1651,0.7804503440856934
1652,0.8290750980377197
1653,0.5858561396598816
1654,0.5982349440455437
1655,0.6814854741096497
1656,0.652966171503067
1657,0.641888752579689
1658,0.7693163454532623
1659,0.7096389383077621
1660,0.6710013300180435
1661,0.6457835286855698
1662,0.6083927229046822
1663,0.6228739693760872
1664,0.7242202758789062
1665,0.6180894300341606
1666,0.6504341512918472
1667,0.8097647428512573
1668,0.5997395366430283
1669,0.6150868982076645
1670,0.6678279787302017
1671,0.6253924369812012
1672,0.5738307982683182
1673,0.7463117092847824
1674,0.5880372673273087
1675,0.5627879574894905
1676,0.6535585075616837
1677,0.7313942015171051
1678,0.6007163524627686
1679,0.6038072034716606
1680,0.5827131941914558
1681,0.6354623883962631
1682,0.6127056777477264
1683,0.736376166343689
1684,0.639588788151741
1685,0.6683293730020523
1686,0.677701935172081
1687,0.7405247390270233
1688,0.650459811091423
1689,0.6306160688400269
1690,0.5695059299468994
1691,0.6388951241970062
1692,0.5761306062340736
1693,0.6457236856222153
1694,0.8320487439632416
1695,0.6005970314145088
1696,0.5779324695467949
1697,0.6749400943517685
1698,0.6378035247325897
1699,0.6356552094221115
1700,0.7843435406684875
1701,0.5681244283914566
1702,0.6672769039869308
1703,0.7547548711299896
1704,0.7679335176944733
1705,0.604889765381813
1706,0.6948699653148651
1707,0.6593522280454636
1708,0.5891411155462265
1709,0.6701260805130005
1710,0.6957827806472778
1711,0.6376405507326126
1712,0.6548968255519867
1713,0.6674883365631104
1714,0.6227931380271912
1715,0.7237866669893265
1716,0.7103902399539948
1717,0.6539186388254166
1718,0.6110930368304253
1719,0.6721225678920746
1720,0.612850695848465
1721,0.641488790512085
1722,0.7009245157241821
1723,0.594127357006073
1724,0.6972501873970032
1725,0.6137665361166
1726,0.7099445760250092
1727,0.685906171798706
1728,0.678730234503746
1729,0.6402285248041153
1730,0.6545687615871429
1731,0.5965602546930313
1732,0.5464894138276577
1733,0.6070100665092468
1734,0.6104178875684738
1735,0.6601246446371078
1736,0.7251798361539841
1737,0.7918376624584198
1738,0.679068386554718
1739,0.6156181693077087
1740,0.7252254486083984
1741,0.7597680687904358
1742,0.7733743488788605
1743,0.625855877995491
1744,0.6211647465825081
1745,0.5906078666448593
1746,0.6708759665489197
1747,0.6333974897861481
1748,0.6631259918212891
1749,0.6779090166091919
1750,0.7998745441436768
1751,0.6796213835477829
1752,0.6828273981809616
1753,0.6372273713350296
1754,0.6636285036802292
1755,0.6279501020908356
1756,0.6988204419612885
1757,0.5406992174685001
1758,0.6417059302330017
1759,0.6699633896350861
1760,0.6800940930843353
1761,0.58649031072855
1762,0.5818867087364197
1763,0.6126835122704506
1764,0.6758027970790863
1765,0.6391957700252533
1766,0.629852294921875
1767,0.6706514954566956
1768,0.6495904326438904
1769,0.5944372415542603
1770,0.6186157017946243
1771,0.6243377104401588
1772,0.5430077649652958
1773,0.5876010656356812
1774,0.792812317609787
1775,0.6649467051029205
1776,0.7440812736749649
1777,0.6067387014627457
1778,0.5704836472868919
1779,0.5756306275725365
1780,0.6693646907806396
1781,0.5647564381361008
1782,0.6308888494968414
1783,0.6162551045417786
1784,0.6467768251895905
1785,0.6751441955566406
1786,0.641990914940834
1787,0.6851998269557953
1788,0.6297100335359573
1789,0.5538845211267471
1790,0.7265612781047821
1791,0.6422802060842514
1792,0.6269457936286926
1793,0.788487583398819
1794,0.6606623530387878
1795,0.6271582543849945
1796,0.5485113523900509
1797,0.702769935131073
1798,0.640488937497139
1799,0.6618877649307251
1800,0.7221629321575165
1801,0.6519267112016678
1802,0.658846378326416
1803,0.5642182379961014
1804,0.6516748070716858
1805,0.61293163895607
1806,0.7125432193279266
1807,0.625015377998352
1808,0.6139325350522995
1809,0.6597006469964981
1810,0.7752669155597687
1811,0.685690701007843
1812,0.6398078203201294
1813,0.5889602303504944
1814,0.7085079401731491
1815,0.6118957102298737
1816,0.5584698915481567
1817,0.6486310511827469
1818,0.7220554351806641
1819,0.6757839322090149
1820,0.6567294150590897
1821,0.5941933393478394
1822,0.5900731906294823
1823,0.6583961546421051
1824,0.6738366633653641
1825,0.6631112992763519
1826,0.6238886788487434
1827,0.7236025929450989
1828,0.6991123259067535
1829,0.6936617344617844
1830,0.7186646461486816
1831,0.5951365083456039
1832,0.6178622841835022
1833,0.8437143564224243
1834,0.641950711607933
1835,0.7067108005285263
1836,0.6792003661394119
1837,0.7068210542201996
1838,0.629396915435791
1839,0.7574897408485413
1840,0.7796315848827362
1841,0.6697375923395157
1842,0.7275968641042709
1843,0.7414339184761047
1844,0.6069311574101448
1845,0.7303129732608795
1846,0.6499801129102707
1847,0.8116832375526428
1848,0.6509123295545578
1849,0.6815566122531891
1850,0.748771071434021
1851,0.6415994465351105
1852,0.6927735805511475
1853,0.6888233870267868
1854,0.6546652019023895
1855,0.5987655743956566
1856,0.6621582955121994
1857,0.6639736145734787
1858,0.6571367383003235
1859,0.6717198193073273
1860,0.6366785913705826
1861,0.7564332783222198
1862,0.5644258335232735
1863,0.6598167717456818
1864,0.7503456175327301
1865,0.6407719999551773
1866,0.6471448540687561
1867,0.6396719217300415
1868,0.7073296308517456
1869,0.5883532911539078
1870,0.5983289703726768
1871,0.6222966387867928
1872,0.620834968984127
1873,0.8184701800346375
1874,0.5587507896125317
1875,0.7106634825468063
1876,0.7641762495040894
1877,0.6524142324924469
1878,0.6549876481294632
1879,0.7568902671337128
1880,0.7378155738115311
1881,0.5848460271954536
1882,0.7871425449848175
1883,0.6486891508102417
1884,0.7196008712053299
1885,0.7115016132593155
1886,0.7985331416130066
1887,0.6698839664459229
1888,0.6428184658288956
1889,0.6658852100372314
1890,0.6500008255243301
1891,0.6995459347963333
1892,0.6644589155912399
1893,0.6299677044153214
1894,0.6709866523742676
1895,0.7055934816598892
1896,0.7817240357398987
1897,0.6471535861492157
1898,0.5889175832271576
1899,0.6860932111740112
1900,0.5626457780599594
1901,0.6044812053442001
1902,0.6615427881479263
1903,0.6188792958855629
1904,0.6569099277257919
1905,0.6538683176040649
1906,0.5950754433870316
1907,0.630492627620697
1908,0.584786981344223
1909,0.6781611144542694
1910,0.6249023824930191
1911,0.6700343638658524
1912,0.7265030741691589
1913,0.603246234357357
1914,0.6267016381025314
1915,0.7160784006118774
1916,0.6288617551326752
1917,0.8107436001300812
1918,0.693506270647049
1919,0.5934149920940399
1920,0.5561904646456242
1921,0.6931673884391785
1922,0.6761614978313446
1923,0.7315504550933838
1924,0.5885630249977112
1925,0.7426010966300964
1926,0.7397709041833878
1927,0.6833192110061646
1928,0.6868283152580261
1929,0.6075280606746674
1930,0.7166384160518646
1931,0.7914448380470276
1932,0.6941049098968506
1933,0.6601399928331375
1934,0.6331174224615097
1935,0.6430620551109314
1936,0.7105175256729126
1937,0.7299959063529968
1938,0.6981430202722549
1939,0.7065377980470657
1940,0.7877053618431091
1941,0.6929398030042648
1942,0.596559964120388
1943,0.7374688982963562
1944,0.8130044043064117
1945,0.5514029078185558
1946,0.7458444982767105
1947,0.7202845364809036
1948,0.632021963596344
1949,0.7067734897136688
1950,0.5983752906322479
1951,0.6497235894203186
1952,0.6170093566179276
1953,0.8065731227397919
1954,0.7783926129341125
1955,0.6560039073228836
1956,0.6133189722895622
1957,0.695401519536972
1958,0.6652195453643799
1959,0.6463468968868256
1960,0.6388888657093048
1961,0.6774732768535614
1962,0.5898123160004616
1963,0.6045335531234741
1964,0.6543520241975784
1965,0.633202388882637
1966,0.7485220432281494
1967,0.7559629678726196
1968,0.5917353108525276
1969,0.6469559073448181
1970,0.6416498422622681
1971,0.593489520251751
1972,0.6107775270938873
1973,0.6306438148021698
1974,0.6012621000409126
1975,0.6098406612873077
1976,0.6286226511001587
1977,0.7825813889503479
1978,0.678306370973587
1979,0.670609787106514
1980,0.6091678440570831
1981,0.6772924661636353
1982,0.5901943519711494
1983,0.5954542979598045
1984,0.6786445677280426
1985,0.6616616398096085
1986,0.607440248131752
1987,0.6826830804347992
1988,0.6289064884185791
1989,0.6651309132575989
1990,0.5760062485933304
1991,0.6331310868263245
1992,0.7193669974803925
1993,0.774452269077301
1994,0.624398872256279
1995,0.5956578105688095
1996,0.7921494245529175
1997,0.6786947399377823
1998,0.6878615617752075
1999,0.7708623111248016
2000,0.663135826587677
2001,0.5789477452635765
2002,0.5967691838741302
2003,0.7407820522785187
2004,0.6522695571184158
2005,0.6541836261749268
2006,0.7640328705310822
2007,0.7008240222930908
2008,0.6989220082759857
2009,0.6749702244997025
2010,0.6734056174755096
2011,0.6559990048408508
2012,0.6950965821743011
2013,0.6759368181228638
2014,0.6887496262788773
2015,0.790903776884079
2016,0.6434153020381927
2017,0.6425252258777618
2018,0.6718149334192276
2019,0.6870390325784683
2020,0.5197424273937941
2021,0.8191111981868744
2022,0.7433152347803116
2023,0.7540899813175201
2024,0.6957505792379379
2025,0.7475537657737732
2026,0.6283543854951859
2027,0.7415273934602737
2028,0.6409194022417068
2029,0.8145042061805725
2030,0.5368146784603596
2031,0.7760834097862244
2032,0.6588327884674072
2033,0.639590784907341
2034,0.7911165356636047
2035,0.7352694272994995
2036,0.574986532330513
2037,0.5716234743595123
2038,0.6278089284896851
2039,0.6028836742043495
2040,0.6136917769908905
2041,0.6219914108514786
2042,0.7610704302787781
2043,0.6390822231769562
2044,0.7357873767614365
2045,0.6067043915390968
2046,0.6209478676319122
2047,0.6690048277378082
2048,0.7207912802696228
2049,0.7209872901439667
2050,0.5777074471116066
2051,0.5895748883485794
2052,0.5962355136871338
2053,0.6786429286003113
2054,0.6358159780502319
2055,0.609536238014698
2056,0.6480471938848495
2057,0.6204309165477753
2058,0.635837510228157
2059,0.7893632352352142
2060,0.6162601932883263
2061,0.6798418164253235
2062,0.6638348400592804
2063,0.7104582637548447
2064,0.6378298252820969
2065,0.598454013466835
2066,0.5557927563786507
2067,0.6280254870653152
2068,0.6136827915906906
2069,0.6306794285774231
2070,0.5986809730529785
2071,0.617790162563324
2072,0.6435330212116241
2073,0.533854965120554
2074,0.5575454235076904
2075,0.5855187252163887
2076,0.6196140348911285
2077,0.5869039818644524
2078,0.6372428089380264
2079,0.6275115013122559
2080,0.7188314497470856
2081,0.6446276754140854
2082,0.6401566118001938
2083,0.5935160145163536
2084,0.7479226291179657
2085,0.6055447980761528
2086,0.6869678944349289
2087,0.5732140094041824
2088,0.6516892313957214
2089,0.6346944719552994
2090,0.6180633157491684
2091,0.6025474593043327
2092,0.7200187593698502
2093,0.5642824098467827
2094,0.7056652307510376
2095,0.5581100322306156
2096,0.6769457310438156
2097,0.6611124277114868
2098,0.7429507523775101
2099,0.6366918087005615
2100,0.6327702552080154
2101,0.6838225871324539
2102,0.6745483875274658
2103,0.6566315591335297
2104,0.5662616565823555
2105,0.6789790093898773
2106,0.6008845046162605
2107,0.8091318011283875
2108,0.5747436732053757
2109,0.6862639337778091
2110,0.6400890499353409
2111,0.6736450344324112
2112,0.6945712864398956
2113,0.5806549191474915
2114,0.694000244140625
2115,0.6213148906826973
2116,0.6329532414674759
2117,0.5946670770645142
2118,0.5563126243650913
2119,0.5418433286249638
2120,0.7951344549655914
2121,0.7133068740367889
2122,0.7149689942598343
2123,0.6276583671569824
2124,0.6017845124006271
2125,0.6905139833688736
2126,0.5950935110449791
2127,0.657219186425209
2128,0.685549795627594
2129,0.6176716312766075
2130,0.6917599737644196
2131,0.5710745677351952
2132,0.645352378487587
2133,0.6791497319936752
2134,0.5699930489063263
2135,0.6234785541892052
2136,0.6290107816457748
2137,0.6702733784914017
2138,0.6746670603752136
2139,0.6407110542058945
2140,0.6761625409126282
2141,0.6941741853952408
2142,0.5357769019901752
2143,0.6634180694818497
2144,0.5771220996975899
2145,0.5162144787609577
2146,0.617058090865612
2147,0.6644881814718246
2148,0.5886149853467941
2149,0.6584315299987793
2150,0.7696732878684998
2151,0.6571252197027206
2152,0.6465024352073669
2153,0.7490557730197906
2154,0.6245166063308716
2155,0.75312340259552
2156,0.6334228068590164
2157,0.7162201404571533
2158,0.5722008123993874
2159,0.6420470774173737
2160,0.6258771121501923
2161,0.6521679610013962
2162,0.7669714987277985
2163,0.6882092356681824
2164,0.5131896557286382
2165,0.5702885389328003
2166,0.6815653443336487
2167,0.6111513152718544
2168,0.6860862672328949
2169,0.6790658235549927
2170,0.6130564585328102
2171,0.6095272898674011
2172,0.8074078261852264
2173,0.6792783290147781
2174,0.6108505353331566
2175,0.5698205456137657
2176,0.7060160934925079
2177,0.7246122807264328
2178,0.6123772785067558
2179,0.7069605588912964
2180,0.687878280878067
2181,0.6481170505285263
2182,0.7036907374858856
2183,0.5903949365019798
2184,0.6601070612668991
2185,0.5541086569428444
2186,0.6619022488594055
2187,0.6103591397404671
2188,0.5346262827515602
2189,0.7116533815860748
2190,0.6746585667133331
2191,0.7474462687969208
2192,0.5817379355430603
2193,0.7990714013576508
2194,0.6306611895561218
2195,0.5689035803079605
2196,0.6250815689563751
2197,0.7339878231287003
2198,0.603876605629921
2199,0.608115553855896
2200,0.7039033472537994
2201,0.7821093797683716
2202,0.6538510173559189
2203,0.7237379252910614
2204,0.7738619744777679
2205,0.7311710715293884
2206,0.6719869822263718
2207,0.6226079016923904
2208,0.7030514478683472
2209,0.6234309375286102
2210,0.6847917437553406
2211,0.6669544875621796
2212,0.6444131433963776
2213,0.8405437469482422
2214,0.6329896748065948
2215,0.6693088114261627
2216,0.6399380266666412
2217,0.5930601954460144
2218,0.7604989409446716
2219,0.6911415606737137
2220,0.6697527021169662
2221,0.6732490509748459
2222,0.6165781766176224
2223,0.6721248775720596
2224,0.6983690559864044
2225,0.5823623016476631
2226,0.641915887594223
2227,0.6741491407155991
2228,0.6938037276268005
2229,0.7589939832687378
2230,0.7849201261997223
2231,0.6160886138677597
2232,0.7395421266555786
2233,0.7277860790491104
2234,0.6161874532699585
2235,0.6292746365070343
2236,0.6373600214719772
2237,0.6848123967647552
2238,0.5846048295497894
2239,0.7327175289392471
2240,0.6775830835103989
2241,0.5823627412319183
2242,0.7411667257547379
2243,0.5904940590262413
2244,0.6353586316108704
2245,0.7109670042991638
2246,0.6834015250205994
2247,0.5873336866497993
2248,0.6846821904182434
2249,0.6675663143396378
2250,0.7921482026576996
2251,0.6017812564969063
2252,0.6500005125999451
2253,0.5939252898097038
2254,0.607724092900753
2255,0.6905061602592468
2256,0.6582774817943573
2257,0.5845498740673065
2258,0.6074080988764763
2259,0.7114478051662445
2260,0.757205456495285
2261,0.7356386631727219
2262,0.7405923902988434
2263,0.7239583134651184
2264,0.5788117796182632
2265,0.6868646740913391
2266,0.6086099669337273
2267,0.7352143079042435
2268,0.6710323691368103
2269,0.5596037171781063
2270,0.6688027232885361
2271,0.6265784502029419
2272,0.7424444109201431
2273,0.5291990749537945
2274,0.6826764643192291
2275,0.672114372253418
2276,0.7211078107357025
2277,0.6095307543873787
2278,0.6219856142997742
2279,0.7453648447990417
2280,0.6564466953277588
2281,0.5825456380844116
2282,0.8276847898960114
2283,0.6448706984519958
2284,0.987756758928299
2285,0.5991003513336182
2286,0.6574891954660416
2287,0.5960180163383484
2288,0.5637130662798882
2289,0.7008177787065506
2290,0.6059999763965607
2291,0.7183358371257782
2292,0.7126643359661102
2293,0.5389191657304764
2294,0.6428184658288956
2295,0.7323946505784988
2296,0.7114774882793427
2297,0.746943324804306
2298,0.6154360547661781
2299,0.6365416496992111
2300,0.6342393010854721
2301,0.7174035906791687
2302,0.5670671984553337
2303,0.6269011050462723
2304,0.742361307144165
2305,0.6620729863643646
2306,0.5716182291507721
2307,0.5815988034009933
2308,0.6892018914222717
2309,0.553184162825346
2310,0.650701567530632
2311,0.6362635344266891
2312,0.6688551306724548
2313,0.8109356164932251
2314,0.6440322548151016
2315,0.734036311507225
2316,0.5828785970807076
2317,0.7814696431159973
2318,0.6216275542974472
2319,0.6431118547916412
2320,0.6500514596700668
2321,0.6953164041042328
2322,0.7305039167404175
2323,0.5588510856032372
2324,0.6830064058303833
2325,0.7577422261238098
2326,0.6608175337314606
2327,0.660623699426651
2328,0.6797457933425903
2329,0.6034794524312019
2330,0.6777799129486084
2331,0.7398968636989594
2332,0.580223947763443
2333,0.721540555357933
2334,0.6816324442625046
2335,0.6214398890733719
2336,0.6018266528844833
2337,0.604150615632534
2338,0.624711312353611
2339,0.66593798995018
2340,0.6416245847940445
2341,0.6009314805269241
2342,0.5961038172245026
2343,0.7770527303218842
2344,0.6602325141429901
2345,0.6574310958385468
2346,0.7126365602016449
2347,0.6303174644708633
2348,0.8204002380371094
2349,0.700175940990448
2350,0.6823929250240326
2351,0.8327383399009705
2352,0.6190041452646255
2353,0.6573283821344376
2354,0.5894897878170013
2355,0.657047301530838
2356,0.8208846747875214
2357,0.6724088191986084
2358,0.5998935326933861
2359,0.6264722049236298
2360,0.6887060701847076
2361,0.5697944983839989
2362,0.7359889447689056
2363,0.6435526013374329
2364,0.7336761802434921
2365,0.670318529009819
2366,0.7437653094530106
2367,0.7722158133983612
2368,0.7154639661312103
2369,0.6330613195896149
2370,0.8333499133586884
2371,0.6599307209253311
2372,0.6709610670804977
2373,0.6943508982658386
2374,0.6126998215913773
2375,0.5552710294723511
2376,0.7200474888086319
2377,0.736185222864151
2378,0.6359827518463135
2379,0.5566626004874706
2380,0.7324645221233368
2381,0.6754229664802551
2382,0.6579480469226837
2383,0.7259306162595749
2384,0.7024108320474625
2385,0.5867309272289276
2386,0.6210824102163315
2387,0.5827999264001846
2388,0.6524325907230377
2389,0.6601893603801727
2390,0.6348121911287308
2391,0.8033618927001953
2392,0.7135128676891327
2393,0.6358934342861176
2394,0.7286215871572495
2395,0.7731047570705414
2396,0.6511556208133698
2397,0.7434921860694885
2398,0.709982767701149
2399,0.6148839592933655
2400,0.5905578583478928
2401,0.5426466092467308
2402,0.6921636462211609
2403,0.689472109079361
2404,0.6019628569483757
2405,0.6260587275028229
2406,0.554532777518034
2407,0.62746262550354
2408,0.5977536514401436
2409,0.8052709698677063
2410,0.8550256788730621
2411,0.7523272931575775
2412,0.6543010473251343
2413,0.6393540650606155
2414,0.7314483076334
2415,0.6542223691940308
2416,0.6761523634195328
2417,0.7058130651712418
2418,0.5952009707689285
2419,0.7415561228990555
2420,0.6817244738340378
2421,0.5744930133223534
2422,0.5935321003198624
2423,0.6555345356464386
2424,0.6062932014465332
2425,0.6174408197402954
2426,0.6479840725660324
2427,0.665963739156723
2428,0.6612386554479599
2429,0.6391697824001312
2430,0.6137751266360283
2431,0.5573539063334465
2432,0.6323922425508499
2433,0.5951298922300339
2434,0.7489080727100372
2435,0.5925217866897583
2436,0.5938321128487587
2437,0.6389362066984177
2438,0.6561751514673233
2439,0.7228338271379471
2440,0.7345180809497833
2441,0.7437541782855988
2442,0.8195160031318665
2443,0.6518051028251648
2444,0.7749501168727875
2445,0.611004464328289
2446,0.6071604043245316
2447,0.5938144773244858
2448,0.6766347885131836
2449,0.6938952505588531
2450,0.6983361691236496
2451,0.7009623348712921
2452,0.632836639881134
2453,0.7811475694179535
2454,0.6670599430799484
2455,0.5803019106388092
2456,0.7107322961091995
2457,0.7680567800998688
2458,0.5943608209490776
2459,0.6169428899884224
2460,0.7195925116539001
2461,0.682581901550293
2462,0.6351678371429443
2463,0.6484036892652512
2464,0.589717760682106
2465,0.7821917533874512
2466,0.742864727973938
2467,0.5796205028891563
2468,0.77552530169487
2469,0.6294865012168884
2470,0.7536814212799072
2471,0.6593791544437408
2472,0.5886812061071396
2473,0.7091700732707977
2474,0.7382703274488449
2475,0.7056129425764084
2476,0.713180661201477
2477,0.6822345107793808
2478,0.6859096586704254
2479,0.5937528535723686
2480,0.6518852114677429
2481,0.5842983275651932
2482,0.6253002285957336
2483,0.5990927293896675
2484,0.6887300908565521
2485,0.6970622837543488
2486,0.706538513302803
2487,0.6896828413009644
2488,0.7195964306592941
2489,0.6925529390573502
2490,0.7284717261791229
2491,0.7175867557525635
2492,0.6624490767717361
2493,0.6961329579353333
2494,0.6408211290836334
2495,0.563237376511097
2496,0.7364259958267212
2497,0.6407856643199921
2498,0.6661297529935837
2499,0.5965336263179779
2500,0.6067704260349274
2501,0.6074151620268822
2502,0.6347974240779877
2503,0.6538659483194351
2504,0.6211506426334381
2505,0.5905998796224594
2506,0.6019305363297462
2507,0.6117273643612862
2508,0.6958381831645966
2509,0.7028493881225586
2510,0.7048628181219101
2511,0.5750963389873505
2512,0.5735392346978188
2513,0.6098123639822006
2514,0.6324202120304108
2515,0.6670445948839188
2516,0.6551538556814194
2517,0.6672379076480865
2518,0.7242974936962128
2519,0.6847148090600967
2520,0.6305768489837646
2521,0.6168243438005447
2522,0.5867416709661484
2523,0.6040961891412735
2524,0.721852034330368
2525,0.6893652528524399
2526,0.5362826324999332
2527,0.6299395114183426
2528,0.6303417980670929
2529,0.6343743205070496
2530,0.6826404482126236
2531,0.6589404046535492
2532,0.6358810514211655
2533,0.6560987830162048
2534,0.7624360918998718
2535,0.6408031135797501
2536,0.6335668414831161
2537,0.6565034091472626
2538,0.6039326339960098
2539,0.6553903222084045
2540,0.6940186023712158
2541,0.7862194180488586
2542,0.5822527036070824
2543,0.5718510299921036
2544,0.6993448734283447
2545,0.7531323730945587
2546,0.8079319894313812
2547,0.6981499642133713
2548,0.600268729031086
2549,0.6046837344765663
2550,0.6544837206602097
2551,0.6855049282312393
2552,0.659373551607132
2553,0.7246364802122116
2554,0.6393050253391266
2555,0.6651144921779633
2556,0.7659756541252136
2557,0.6395864486694336
2558,0.6347607225179672
2559,0.675524964928627
2560,0.665698766708374
2561,0.6119289621710777
2562,0.6512477993965149
2563,0.5969417840242386
2564,0.578873872756958
2565,0.6108686029911041
2566,0.7262577414512634
2567,0.6850057393312454
2568,0.6264133900403976
2569,0.6324655115604401
2570,0.5810167789459229
2571,0.5994724333286285
2572,0.6552259176969528
2573,0.6019777208566666
2574,0.6083449944853783
2575,0.6935020983219147
2576,0.6251690536737442
2577,0.7034436464309692
2578,0.5628075748682022
2579,0.6486837863922119
2580,0.673146978020668
2581,0.6948477774858475
2582,0.6431088894605637
2583,0.613452211022377
2584,0.5923001542687416
2585,0.6468672901391983
2586,0.7455258816480637
2587,0.6310135126113892
2588,0.6852177083492279
2589,0.8015109598636627
2590,0.5936581417918205
2591,0.5941001027822495
2592,0.6393182128667831
2593,0.6380000710487366
2594,0.68461574614048
2595,0.6710423678159714
2596,0.6643555611371994
2597,0.7288021445274353
2598,0.5422857105731964
2599,0.5938934609293938
2600,0.6803118139505386
2601,0.6442398875951767
2602,0.720122903585434
2603,0.6880772113800049
2604,0.6599602103233337
2605,0.6982932388782501
2606,0.5872009620070457
2607,0.7112853527069092
2608,0.6058485507965088
2609,0.5854593589901924
2610,0.6195878311991692
2611,0.6813384890556335
2612,0.6677745282649994
2613,0.6388932168483734
2614,0.5801422670483589
2615,0.645712286233902
2616,0.691955640912056
2617,0.7027189135551453
2618,0.585823081433773
2619,0.6671708226203918
2620,0.6219431385397911
2621,0.642522856593132
2622,0.560134120285511
2623,0.6405192464590073
2624,0.6958437561988831
2625,0.5966326296329498
2626,0.6495872735977173
2627,0.5667494386434555
2628,0.6065030470490456
2629,0.5843022465705872
2630,0.6401525288820267
2631,0.6572635918855667
2632,0.6473834216594696
2633,0.656604066491127
2634,0.5999765396118164
2635,0.6061644032597542
2636,0.7112458944320679
2637,0.6269422918558121
2638,0.7158832848072052
2639,0.625416174530983
2640,0.5740066543221474
2641,0.6105124950408936
2642,0.6459468752145767
2643,0.6181971058249474
2644,0.6815280467271805
2645,0.7504384517669678
2646,0.6168155074119568
2647,0.6160652339458466
2648,0.6184848770499229
2649,0.69016332924366
2650,0.5525280982255936
2651,0.7539766132831573
2652,0.5440017208456993
2653,0.7087001800537109
2654,0.6327672004699707
2655,0.5706458315253258
2656,0.8104385435581207
2657,0.6847610920667648
2658,0.6319657415151596
2659,0.6660611778497696
2660,0.7206604033708572
2661,0.5778934881091118
2662,0.5887379497289658
2663,0.6293972730636597
2664,0.6704870909452438
2665,0.6331359893083572
2666,0.5987069681286812
2667,0.6822537630796432
2668,0.6733146607875824
2669,0.578432060778141
2670,0.7792314887046814
2671,0.7177935689687729
2672,0.6179523169994354
2673,0.6329073756933212
2674,0.6524296998977661
2675,0.7023031115531921
2676,0.7021466791629791
2677,0.628845602273941
2678,0.8728572130203247
2679,0.6562990546226501
2680,0.7096574008464813
2681,0.6534124612808228
2682,0.6551947891712189
2683,0.641603097319603
2684,0.8007895648479462
2685,0.7266886383295059
2686,0.6516592353582382
2687,0.5974996089935303
2688,0.7089513391256332
2689,0.6155720502138138
2690,0.7282490581274033
2691,0.6794363558292389
2692,0.5982254967093468
2693,0.684932678937912
2694,0.5975089520215988
2695,0.7164287567138672
2696,0.6637754887342453
2697,0.6779177039861679
2698,0.7850134670734406
2699,0.5603350698947906
2700,0.5765053182840347
2701,0.7835580110549927
2702,0.7796555459499359
2703,0.6181034669280052
2704,0.6141608655452728
2705,0.6784703880548477
2706,0.6859441250562668
2707,0.6179046630859375
2708,0.7065874636173248
2709,0.6423818618059158
2710,0.7025347650051117
2711,0.6004750952124596
2712,0.7425088137388229
2713,0.7485268414020538
2714,0.6194763034582138
2715,0.7005180567502975
2716,0.6410054862499237
2717,0.6005952134728432
2718,0.5918000638484955
2719,0.5563578009605408
2720,0.5416570454835892
2721,0.569491446018219
2722,0.5768989101052284
2723,0.7364069521427155
2724,0.5322926640510559
2725,0.5727402567863464
2726,0.6948317140340805
2727,0.5636035725474358
2728,0.6079047918319702
2729,0.7678924202919006
2730,0.7175284773111343
2731,0.8714576363563538
2732,0.67003233730793
2733,0.6025722473859787
2734,0.6714015454053879
2735,0.6091708838939667
2736,0.7818495631217957
2737,0.6875523924827576
2738,0.7131455689668655
2739,0.6690001636743546
2740,0.727484941482544
2741,0.6151354908943176
2742,0.7094795107841492
2743,0.6203192919492722
2744,0.7632752656936646
2745,0.6301874220371246
2746,0.637036994099617
2747,0.6158305257558823
2748,0.6195183470845222
2749,0.5977216064929962
2750,0.7379173338413239
2751,0.7225376963615417
2752,0.709112137556076
2753,0.6166275441646576
2754,0.607459619641304
2755,0.6291625946760178
2756,0.6405906826257706
2757,0.7054958343505859
2758,0.6785889267921448
2759,0.6867177933454514
2760,0.6855036169290543
2761,0.6031414270401001
2762,0.5920965820550919
2763,0.6688793152570724
2764,0.6743219196796417
2765,0.7586157619953156
2766,0.6447980254888535
2767,0.6268873810768127
2768,0.664787083864212
2769,0.625108614563942
2770,0.7951400578022003
2771,0.6267042458057404
2772,0.6848449259996414
2773,0.6534314304590225
2774,0.7739039361476898
2775,0.6858887076377869
2776,0.687807634472847
2777,0.6455874443054199
2778,0.6340228170156479
2779,0.6012611836194992
2780,0.6002509444952011
2781,0.6018733084201813
2782,0.6371337026357651
2783,0.6779970824718475
2784,0.6572438329458237
2785,0.6609476804733276
2786,0.8474351167678833
2787,0.6394036561250687
2788,0.6663807183504105
2789,0.6207635849714279
2790,0.6330399215221405
2791,0.6533558219671249
2792,0.6234548911452293
2793,0.6441238671541214
2794,0.5372822396457195
2795,0.6753534078598022
2796,0.578828364610672
2797,0.6527358293533325
2798,0.7755735218524933
2799,0.6425532847642899
2800,0.6733008921146393
2801,0.5775236338376999
2802,0.5363793261349201
2803,0.734040230512619
2804,0.7659569978713989
2805,0.6774923652410507
2806,0.6922340393066406
2807,0.5814696997404099
2808,0.5821492075920105
2809,0.6136810705065727
2810,0.5703563913702965
2811,0.5716453790664673
2812,0.5851820409297943
2813,0.6404644101858139
2814,0.749503418803215
2815,0.630516916513443
2816,0.6986737549304962
2817,0.6464778035879135
2818,0.7199680507183075
2819,0.6373037844896317
2820,0.7004340291023254
2821,0.6583287417888641
2822,0.5975932031869888
2823,0.6788604408502579
2824,0.622577577829361
2825,0.7487298250198364
2826,0.707052931189537
2827,0.6328520327806473
2828,0.5781417340040207
2829,0.6197329387068748
2830,0.5582619942724705
2831,0.548057958483696
2832,0.6143153309822083
2833,0.717908650636673
2834,0.699834480881691
2835,0.6936002373695374
2836,0.6436274498701096
2837,0.6190677583217621
2838,0.7025464326143265
2839,0.8205408453941345
2840,0.655625119805336
2841,0.7853272557258606
2842,0.6175955682992935
2843,0.7582849562168121
2844,0.7850033044815063
2845,0.6625804007053375
2846,0.6026223450899124
2847,0.59670639783144
2848,0.7284209728240967
2849,0.6616476029157639
2850,0.5989020094275475
2851,0.573884129524231
2852,0.6591368317604065
2853,0.6667008996009827
2854,0.7169804275035858
2855,0.6709780544042587
2856,0.5615566484630108
2857,0.6748926490545273
2858,0.6419540196657181
2859,0.6424565613269806
2860,0.6522032618522644
2861,0.700435072183609
2862,0.5856509208679199
2863,0.6529830247163773
2864,0.6975656896829605
2865,0.6322500258684158
2866,0.6821605265140533
2867,0.6083140820264816
2868,0.7426139712333679
2869,0.6128489673137665
2870,0.6586366146802902
2871,0.7358650416135788
2872,0.8276937305927277
2873,0.709636777639389
2874,0.6550865322351456
2875,0.656338632106781
2876,0.6992594599723816
2877,0.6022899448871613
2878,0.6190373450517654
2879,0.6079018712043762
2880,0.6141374483704567
2881,0.6157370060682297
2882,0.6377333253622055
2883,0.5701464787125587
2884,0.729851707816124
2885,0.5529181063175201
2886,0.5859398916363716
2887,0.6098047643899918
2888,0.7498773634433746
2889,0.7460728883743286
2890,0.8053115606307983
2891,0.538633182644844
2892,0.6162342354655266
2893,0.6509556472301483
2894,0.7694537341594696
2895,0.6064725667238235
2896,0.6791002005338669
2897,0.8079496622085571
2898,0.6896176040172577
2899,0.5968079641461372
2900,0.7144049555063248
2901,0.6130828484892845
2902,0.5907203629612923
2903,0.6954481154680252
2904,0.7280941009521484
2905,0.5873391404747963
2906,0.7061322927474976
2907,0.6944481432437897
2908,0.5630307793617249
2909,0.5833446756005287
2910,0.578495554625988
2911,0.6888391524553299
2912,0.6652735322713852
2913,0.70457324385643
2914,0.7022387981414795
2915,0.6535673439502716
2916,0.707553967833519
2917,0.6173311471939087
2918,0.6681359708309174
2919,0.6817249208688736
2920,0.6375781893730164
2921,0.6408647298812866
2922,0.5715139582753181
2923,0.6377973109483719
2924,0.639815628528595
2925,0.6107190251350403
2926,0.6090993285179138
2927,0.6529228389263153
2928,0.6133362352848053
2929,0.5483530163764954
2930,0.6095138117671013
2931,0.7467353343963623
2932,0.7374935746192932
2933,0.7513880133628845
2934,0.6426953673362732
2935,0.7503608465194702
2936,0.6490234583616257
2937,0.5900945737957954
2938,0.5573773384094238
2939,0.6634225249290466
2940,0.7862386405467987
2941,0.7894549369812012
2942,0.647791862487793
2943,0.7483406662940979
2944,0.6888362020254135
2945,0.598809152841568
2946,0.8601228892803192
2947,0.580831453204155
2948,0.6320483684539795
2949,0.6708670258522034
2950,0.5888810828328133
2951,0.6756342202425003
2952,0.657878115773201
2953,0.5931071862578392
2954,0.6037678271532059
2955,0.709816038608551
2956,0.5579366497695446
2957,0.7292293757200241
2958,0.6895091384649277
2959,0.6100670844316483
2960,0.6358598172664642
2961,0.579188883304596
2962,0.662232369184494
2963,0.6008459627628326
2964,0.6469425559043884
2965,0.5892231091856956
2966,0.7442822009325027
2967,0.6483445912599564
2968,0.5698883384466171
2969,0.7040469944477081
2970,0.5934775769710541
2971,0.6297215819358826
2972,0.6766539961099625
2973,0.5411972478032112
2974,0.7288787066936493
2975,0.6508583128452301
2976,0.6218596547842026
2977,0.6014876812696457
2978,0.659952387213707
2979,0.685670331120491
2980,0.713964432477951
2981,0.6160476803779602
2982,0.8337039947509766
2983,0.7056798040866852
2984,0.6482295989990234
2985,0.5634178072214127
2986,0.6772486716508865
2987,0.6556510478258133
2988,0.6558755189180374
2989,0.608024999499321
2990,0.7752038836479187
2991,0.6517167538404465
2992,0.600284531712532
2993,0.6028965264558792
2994,0.6370391249656677
2995,0.7455470412969589
2996,0.7446786165237427
2997,0.591268502175808
2998,0.5839848220348358
2999,0.5996570736169815
3000,0.7269894778728485
3001,0.5953557789325714
3002,0.5765765383839607
3003,0.6126158088445663
3004,0.5941451862454414
3005,0.7533586323261261
3006,0.5953875035047531
3007,0.7151508778333664
3008,0.5540273152291775
3009,0.7786127030849457
3010,0.6966626346111298
3011,0.6862794160842896
3012,0.6834830492734909
3013,0.9060748219490051
3014,0.6622286140918732
3015,0.6471876204013824
3016,0.6388138979673386
3017,0.6324074864387512
3018,0.7082066833972931
3019,0.5823221579194069
3020,0.67289699614048
3021,0.7146418392658234
3022,0.7066315412521362
3023,0.7904194891452789
3024,0.7147563695907593
3025,0.7216060161590576
3026,0.7803272902965546
3027,0.6641587615013123
3028,0.6447522789239883
3029,0.6353927701711655
3030,0.5616448596119881
3031,0.641779437661171
3032,0.7281961441040039
3033,0.6748712658882141
3034,0.6609295010566711
3035,0.6556119024753571
3036,0.6419024616479874
3037,0.6666138768196106
3038,0.7247294783592224
3039,0.5970125198364258
3040,0.5557656064629555
3041,0.6301878392696381
3042,0.6581362932920456
3043,0.6429122388362885
3044,0.7296606004238129
3045,0.6263324022293091
3046,0.692840039730072
3047,0.8019681870937347
3048,0.6896101236343384
3049,0.6605939567089081
3050,0.6616891771554947
3051,0.7245769202709198
3052,0.6052901819348335
3053,0.6684721559286118
3054,0.7208562791347504
3055,0.5891431868076324
3056,0.9214344620704651
3057,0.7363924533128738
3058,0.5867992714047432
3059,0.6582591384649277
3060,0.6853663325309753
3061,0.6583781242370605
3062,0.5951623022556305
3063,0.6059355437755585
3064,0.7695989906787872
3065,0.6914692521095276
3066,0.6002958714962006
3067,0.6459470391273499
3068,0.6197786703705788
3069,0.6246957704424858
3070,0.6437158584594727
3071,0.6029938012361526
3072,0.5582715049386024
3073,0.698917955160141
3074,0.6276745349168777
3075,0.7454003840684891
3076,0.6481291949748993
3077,0.6665356606245041
3078,0.764859139919281
3079,0.6744831651449203
3080,0.6126107275485992
3081,0.5883141383528709
3082,0.6311070173978806
3083,0.6731678694486618
3084,0.7413085848093033
3085,0.7275721579790115
3086,0.62979856133461
3087,0.5750637724995613
3088,0.7036691009998322
3089,0.7194985449314117
3090,0.6434514075517654
3091,0.7000987380743027
3092,0.5807836726307869
3093,0.5883403494954109
3094,0.7084044963121414
3095,0.6975920051336288
3096,0.5892587751150131
3097,0.5583246015012264
3098,0.6145870015025139
3099,0.6398448944091797
3100,0.7188903391361237
3101,0.6815760135650635
3102,0.7008546739816666
3103,0.6179986819624901
3104,0.8009521663188934
3105,0.6828908622264862
3106,0.6288789361715317
3107,0.6143701449036598
3108,0.7551342248916626
3109,0.6025841683149338
3110,0.5794344544410706
3111,0.7319039404392242
3112,0.5874990299344063
3113,0.7262750416994095
3114,0.6621957421302795
3115,0.7333173751831055
3116,0.6572878062725067
3117,0.5960557162761688
3118,0.6737499535083771
3119,0.7613303661346436
3120,0.5729135870933533
3121,0.7285823971033096
3122,0.6301790177822113
3123,0.6723133027553558
3124,0.5602161101996899
3125,0.7500804960727692
3126,0.6191745027899742
3127,0.6639406681060791
3128,0.6195403635501862
3129,0.7103882730007172
3130,0.6471323817968369
3131,0.8092178702354431
3132,0.7046369165182114
3133,0.6348564177751541
3134,0.6972726583480835
3135,0.6602762788534164
3136,0.6566068232059479
3137,0.6651552617549896
3138,0.6640400737524033
3139,0.6083358004689217
3140,0.6373263597488403
3141,0.6626112312078476
3142,0.7011019140481949
3143,0.5809414908289909
3144,0.5927191972732544
3145,0.626264676451683
3146,0.6202303245663643
3147,0.6692746877670288
3148,0.5800790712237358
3149,0.821613997220993
3150,0.617152988910675
3151,0.6036842092871666
3152,0.7114533483982086
3153,0.7495276480913162
3154,0.6572750359773636
3155,0.6292303800582886
3156,0.6400817185640335
3157,0.7010183334350586
3158,0.5935396254062653
3159,0.7058398723602295
3160,0.79474276304245
3161,0.703987255692482
3162,0.6455594301223755
3163,0.7885822355747223
3164,0.6612766832113266
3165,0.6491568386554718
3166,0.5991137027740479
3167,0.5652783438563347
3168,0.644863098859787
3169,0.6665470749139786
3170,0.6500512808561325
3171,0.6368768811225891
3172,0.7254863977432251
3173,0.6469814777374268
3174,0.6102076545357704
3175,0.618125706911087
3176,0.7162682265043259
3177,0.649891123175621
3178,0.7840743660926819
3179,0.5846096277236938
3180,0.6055634766817093
3181,0.6497842371463776
3182,0.5769377276301384
3183,0.7027401328086853
3184,0.5947285443544388
3185,0.6166454553604126
3186,0.7102352976799011
3187,0.6435050368309021
3188,0.6493490040302277
3189,0.5960835441946983
3190,0.7293050289154053
3191,0.597801148891449
3192,0.6784553676843643
3193,0.6340356320142746
3194,0.8310158848762512
3195,0.7335491627454758
3196,0.6361376047134399
3197,0.5820362418889999
3198,0.5934185907244682
3199,0.646401971578598
3200,0.6501397490501404
3201,0.7094710469245911
3202,0.7278823852539062
3203,0.6336464285850525
3204,0.7212220132350922
3205,0.767441987991333
3206,0.7022631019353867
3207,0.752248227596283
3208,0.5546527653932571
3209,0.7421349883079529
3210,0.6466383188962936
3211,0.6663078218698502
3212,0.60179004073143
3213,0.6996332406997681
3214,0.6009298861026764
3215,0.656430721282959
3216,0.6560578495264053
3217,0.6411716043949127
3218,0.6840396076440811
3219,0.5720805302262306
3220,0.6441439390182495
3221,0.6637074053287506
3222,0.6054271012544632
3223,0.6287503987550735
3224,0.6371238380670547
3225,0.5715192928910255
3226,0.6908015757799149
3227,0.5744929164648056
3228,0.6693518906831741
3229,0.7337467074394226
3230,0.6485766768455505
3231,0.6855708360671997
3232,0.5913362205028534
3233,0.7335207909345627
3234,0.5986413434147835
3235,0.6870194673538208
3236,0.6311272382736206
3237,0.6884277909994125
3238,0.643282949924469
3239,0.7489070296287537
3240,0.5697654634714127
3241,0.6391120702028275
3242,0.7468379139900208
3243,0.6262107789516449
3244,0.6733880043029785
3245,0.6331669837236404
3246,0.6127057746052742
3247,0.6832201778888702
3248,0.8045711815357208
3249,0.6769639700651169
3250,0.5578656457364559
3251,0.5581433773040771
3252,0.7488692700862885
3253,0.5675024315714836
3254,0.6092209294438362
3255,0.6842225193977356
3256,0.5728203430771828
3257,0.6168206855654716
3258,0.6944682598114014
3259,0.6100903898477554
3260,0.8058356940746307
3261,0.7460373789072037
3262,0.6353282779455185
3263,0.5500703081488609
3264,0.6346985250711441
3265,0.6551736295223236
3266,0.7001413702964783
3267,0.5886832401156425
3268,0.6233131065964699
3269,0.6090194582939148
3270,0.7127881795167923
3271,0.6543587297201157
3272,0.5929919108748436
3273,0.6817565858364105
3274,0.7392121255397797
3275,0.590172752737999
3276,0.6853356510400772
3277,0.6394808143377304
3278,0.6961031705141068
3279,0.659916490316391
3280,0.784667581319809
3281,0.8627026677131653
3282,0.6414741277694702
3283,0.6269475817680359
3284,0.7287415713071823
3285,0.6929772347211838
3286,0.6869467049837112
3287,0.6500599831342697
3288,0.6764440685510635
3289,0.8600358963012695
3290,0.7242207229137421
3291,0.5659377425909042
3292,0.7484266012907028
3293,0.6455851793289185
3294,0.6825969219207764
3295,0.599273107945919
3296,0.5769320651888847
3297,0.8230437934398651
3298,0.6489297449588776
3299,0.6521337926387787
3300,0.6624932289123535
3301,0.7264380306005478
3302,0.6850258260965347
3303,0.6053076237440109
3304,0.5839722603559494
3305,0.6457173973321915
3306,0.6264941990375519
3307,0.6945199519395828
3308,0.6616362482309341
3309,0.6809198260307312
3310,0.6014184951782227
3311,0.6058032885193825
3312,0.6396730691194534
3313,0.6787822097539902
3314,0.7593597769737244
3315,0.6672831773757935
3316,0.6645466238260269
3317,0.6191541850566864
3318,0.521018348634243
3319,0.5589458383619785
3320,0.5583469681441784
3321,0.7901610136032104
3322,0.572979524731636
3323,0.5912510082125664
3324,0.7878754734992981
3325,0.7089295387268066
3326,0.6614846587181091
3327,0.7257283627986908
3328,0.6160484552383423
3329,0.6049693077802658
3330,0.6687694638967514
3331,0.5995842590928078
3332,0.7005437165498734
3333,0.7486284971237183
3334,0.652482882142067
3335,0.7368523627519608
3336,0.653749868273735
3337,0.6551175713539124
3338,0.5693230107426643
3339,0.7386038899421692
3340,0.6889711171388626
3341,0.7114554941654205
3342,0.6795172691345215
3343,0.6517925262451172
3344,0.6746640354394913
3345,0.5570309013128281
3346,0.6714571714401245
3347,0.721553385257721
3348,0.5933669283986092
3349,0.6672753095626831
3350,0.6388328820466995
3351,0.6174797341227531
3352,0.697640135884285
3353,0.737534835934639
3354,0.6735499650239944
3355,0.6169449910521507
3356,0.6093707159161568
3357,0.6193090975284576
3358,0.7158777415752411
3359,0.7279693931341171
3360,0.6772047579288483
3361,0.760662317276001
3362,0.6234721317887306
3363,0.6115395724773407
3364,0.6905571818351746
3365,0.6202801764011383
3366,0.6541616022586823
3367,0.6936725080013275
3368,0.5861855149269104
3369,0.7633728384971619
3370,0.7163670361042023
3371,0.7392868101596832
3372,0.7827952206134796
3373,0.57765032351017
3374,0.6341030299663544
3375,0.6446087807416916
3376,0.6663063019514084
3377,0.6593307554721832
3378,0.6906879246234894
3379,0.6278105676174164
3380,0.6339808702468872
3381,0.5688997730612755
3382,0.755595475435257
3383,0.7191756367683411
3384,0.6876635551452637
3385,0.6873795092105865
3386,0.5817317143082619
3387,0.5890708193182945
3388,0.6378962695598602
3389,0.6296186298131943
3390,0.6165252700448036
3391,0.6497011035680771
3392,0.7203749418258667
3393,0.7363390624523163
3394,0.5532742254436016
3395,0.6388760954141617
3396,0.6569212079048157
3397,0.7442623823881149
3398,0.6530222445726395
3399,0.6178790032863617
3400,0.5898541733622551
3401,0.6051295846700668
3402,0.7093645334243774
3403,1.0
3404,0.7733181118965149
3405,0.7360969036817551
3406,0.6396227478981018
3407,0.5540146827697754
3408,0.7507710754871368
3409,0.6010306179523468
3410,0.7554365396499634
3411,0.6810660809278488
3412,0.6605139225721359
3413,0.6418711394071579
3414,0.6780223995447159
3415,0.6577011793851852
3416,0.562697559595108
3417,0.6152418851852417
3418,0.7199970036745071
3419,0.6748116761445999
3420,0.6450842171907425
3421,0.8752308785915375
3422,0.6190655082464218
3423,0.6750311702489853
3424,0.5672002956271172
3425,0.7706398963928223
3426,0.6028460562229156
3427,0.6522411406040192
3428,0.6363899260759354
3429,0.7550929188728333
3430,0.636815220117569
3431,0.6635114699602127
3432,0.7105654925107956
3433,0.6128901168704033
3434,0.6100242435932159
3435,0.6699641644954681
3436,0.5519761294126511
3437,0.6247427761554718
3438,0.578982874751091
3439,0.6541842371225357
3440,0.5765740647912025
3441,0.6618978679180145
3442,0.7243570983409882
3443,0.7275166511535645
3444,0.6100628077983856
3445,0.5636767968535423
3446,0.564002275466919
3447,0.7365472912788391
3448,0.5732729509472847
3449,0.5890862420201302
3450,0.6645398139953613
3451,0.6564103066921234
3452,0.670102596282959
3453,0.5889062136411667
3454,0.6134649366140366
3455,0.6949411928653717
3456,0.7322762608528137
3457,0.6284302771091461
3458,0.6972614973783493
3459,0.8040309548377991
3460,0.6139458119869232
3461,0.6795360445976257
3462,0.5266630947589874
3463,0.5768120512366295
3464,0.6308647394180298
3465,0.6838397979736328
3466,0.6986835300922394
3467,0.7458461821079254
3468,0.6220903769135475
3469,0.5821667686104774
3470,0.6956039518117905
3471,0.6275695413351059
3472,0.6777101010084152
3473,0.830279529094696
3474,0.6319230198860168
3475,0.607895702123642
3476,0.6101236566901207
3477,0.5586334243416786
3478,0.5893709808588028
3479,0.6461436152458191
3480,0.6920391619205475
3481,0.6782936751842499
3482,0.5721220374107361
3483,0.6808731853961945
3484,0.6605553925037384
3485,0.6893000304698944
3486,0.7255670726299286
3487,0.6147412657737732
3488,0.6515903919935226
3489,0.5826383605599403
3490,0.6466783434152603
3491,0.6897476315498352
3492,0.7622566819190979
3493,0.614651508629322
3494,0.655066043138504
3495,0.7051153779029846
3496,0.6322748064994812
3497,0.6262701451778412
3498,0.6851038187742233
3499,0.6248731166124344
3500,0.6832474172115326
3501,0.6388124078512192
3502,0.5951482504606247
3503,0.6880155801773071
3504,0.633998453617096
3505,0.599230632185936
3506,0.7546501755714417
3507,0.7297291457653046
3508,0.6121467426419258
3509,0.6352945864200592
3510,0.6488714814186096
3511,0.6833285838365555
3512,0.5773380324244499
3513,0.6030938774347305
3514,0.7515072226524353
3515,0.6178821697831154
3516,0.766887903213501
3517,0.6847813725471497
3518,0.6881274431943893
3519,0.6376527547836304
3520,0.7166831493377686
3521,0.5975263118743896
3522,0.7100149691104889
3523,0.7407168298959732
3524,0.6166494935750961
3525,0.7580012381076813
3526,0.7047693431377411
3527,0.609708346426487
3528,0.5621303431689739
3529,0.6399663090705872
3530,0.7047683000564575
3531,0.7200040519237518
3532,0.5642191171646118
3533,0.5745598897337914
3534,0.6678408831357956
3535,0.5769788920879364
3536,0.6583044081926346
3537,0.7138439118862152
3538,0.6775851994752884
3539,0.5731091946363449
3540,0.6431944072246552
3541,0.6316770762205124
3542,0.7677433490753174
3543,0.7646901905536652
3544,0.855732262134552
3545,0.6980729103088379
3546,0.6368931829929352
3547,0.7119265794754028
3548,0.7664383053779602
3549,0.6556966602802277
3550,0.8079602420330048
3551,0.6223706975579262
3552,0.8566615879535675
3553,0.6883296221494675
3554,0.6612643003463745
3555,0.5687060207128525
3556,0.6837654113769531
3557,0.6286766231060028
3558,0.6206271201372147
3559,0.6533573418855667
3560,0.5813106745481491
3561,0.603985145688057
3562,0.6196640133857727
3563,0.7024959027767181
3564,0.599411852657795
3565,0.60954949259758
3566,0.7033497244119644
3567,0.7304335236549377
3568,0.7276929914951324
3569,0.5913043543696404
3570,0.6268774121999741
3571,0.6091259866952896
3572,0.6890615075826645
3573,0.6702530235052109
3574,0.7025371193885803
3575,0.5997655093669891
3576,0.7586065530776978
3577,0.7187832742929459
3578,0.5496361516416073
3579,0.6769065260887146
3580,0.6173520758748055
3581,0.6745947599411011
3582,0.5954399406909943
3583,0.6836075782775879
3584,0.5396138094365597
3585,0.584535762667656
3586,0.6307934075593948
3587,0.8062061071395874
3588,0.6492457389831543
3589,0.7108975350856781
3590,0.66875059902668
3591,0.6866432726383209
3592,0.6764173060655594
3593,0.6755639463663101
3594,0.7464435994625092
3595,0.6374158412218094
3596,0.6399026960134506
3597,0.6309087723493576
3598,0.6367617249488831
3599,0.6320930272340775
3600,0.7197850048542023
3601,0.6636741161346436
3602,0.653149276971817
3603,0.7177133411169052
3604,0.583009734749794
3605,0.7071224749088287
3606,0.6038691699504852
3607,0.7300889790058136
3608,0.6061407178640366
3609,0.7074588537216187
3610,0.6604309380054474
3611,0.7106417268514633
3612,0.6743463724851608
3613,0.6184934228658676
3614,0.7387090027332306
3615,0.6411031633615494
3616,0.6870415955781937
3617,0.6472135782241821
3618,0.6292640715837479
3619,0.7617042064666748
3620,0.6813714802265167
3621,0.6312525570392609
3622,0.7462464272975922
3623,0.6755557060241699
3624,0.7822662591934204
3625,0.5423296578228474
3626,0.7486478537321091
3627,0.659925252199173
3628,0.7618904113769531
3629,0.5875913798809052
3630,0.5894202589988708
3631,0.6250871121883392
3632,0.6449282169342041
3633,0.6653434783220291
3634,0.636134073138237
3635,0.6530590653419495
3636,0.790314644575119
3637,0.601724311709404
3638,0.672928512096405
3639,0.6787455230951309
3640,0.8185675144195557
3641,0.5888164415955544
3642,0.6624669879674911
3643,0.6843525767326355
3644,0.6267246454954147
3645,0.620850645005703
3646,0.7117629051208496
3647,0.6357716917991638
3648,0.6731614023447037
3649,0.6038426756858826
3650,0.5753865540027618
3651,0.6108430847525597
3652,0.7062110304832458
3653,0.6757744252681732
3654,0.7295379936695099
3655,0.6124186515808105
3656,0.6918557435274124
3657,0.729772686958313
3658,0.5969667658209801
3659,0.7720759809017181
3660,0.6253343671560287
3661,0.5713166892528534
3662,0.599558636546135
3663,0.6086210906505585
3664,0.6672034412622452
3665,0.6022338345646858
3666,0.7037163972854614
3667,0.6260386854410172
3668,0.6260703653097153
3669,0.5892059877514839
3670,0.7525234222412109
3671,0.5876024141907692
3672,0.7105858027935028
3673,0.830119401216507
3674,0.7773289382457733
3675,0.724813312292099
3676,0.7215417474508286
3677,0.6625458002090454
3678,0.6260796189308167
3679,0.6171140670776367
3680,0.7232616394758224
3681,0.623867467045784
3682,0.600321002304554
3683,0.5828320905566216
3684,0.5720466077327728
3685,0.5642125308513641
3686,0.6945933401584625
3687,0.6094809025526047
3688,0.5773287490010262
3689,0.6202870309352875
3690,0.6215223595499992
3691,0.4917939007282257
3692,0.681975781917572
3693,0.6937177032232285
3694,0.7302486300468445
3695,0.619548961520195
3696,0.6422362625598907
3697,0.6832474172115326
3698,0.6591424643993378
3699,0.6237685605883598
3700,0.6894271671772003
3701,0.7126828283071518
3702,0.6690641343593597
3703,0.7131995260715485
3704,0.753218412399292
3705,0.5309326164424419
3706,0.701740562915802
3707,0.6965436637401581
3708,0.7024134397506714
3709,0.6046332865953445
3710,0.7620910704135895
3711,0.8113345503807068
3712,0.614689327776432
3713,0.5618104375898838
3714,0.5698939636349678
3715,0.6609416007995605
3716,0.6634477376937866
3717,0.5988004803657532
3718,0.7145009785890579
3719,0.5976655036211014
3720,0.6913632303476334
3721,0.650842621922493
3722,0.5718175023794174
3723,0.5857525765895844
3724,0.6434875130653381
3725,0.6944455355405807
3726,0.6101194098591805
3727,0.7215505987405777
3728,0.6697713285684586
3729,0.5575169287621975
3730,0.6469181180000305
3731,0.6865079551935196
3732,0.791541576385498
3733,0.7120488584041595
3734,0.6282539516687393
3735,0.5983765944838524
3736,0.6327635496854782
3737,0.7550531327724457
3738,0.8281157314777374
3739,0.6821985840797424
3740,0.5856750011444092
3741,0.5736414343118668
3742,0.526987835764885
3743,0.7367078959941864
3744,0.7290574908256531
3745,0.6339384317398071
3746,0.7586999535560608
3747,0.6960358023643494
3748,0.6761856377124786
3749,0.6798780411481857
3750,0.6163418740034103
3751,0.639898031949997
3752,0.6832706183195114
3753,0.8066551685333252
3754,0.6841686964035034
3755,0.7694578468799591
3756,0.6969664841890335
3757,0.5940649062395096
3758,0.6364587396383286
3759,0.7195591926574707
3760,0.6148590072989464
3761,0.6212902292609215
3762,0.7550518214702606
3763,0.7947606444358826
3764,0.589999295771122
3765,0.7393696457147598
3766,0.6827166676521301
3767,0.5922553315758705
3768,0.721748873591423
3769,0.7397614866495132
3770,0.5682918280363083
3771,0.6505416184663773
3772,0.6811554580926895
3773,0.6755478382110596
3774,0.7411722093820572
3775,0.7328538149595261
3776,0.6686999797821045
3777,0.6117241606116295
3778,0.6112421378493309
3779,0.6785611808300018
3780,0.6040537357330322
3781,0.6405060887336731
3782,0.6097554191946983
3783,0.6086203157901764
3784,0.6171370223164558
3785,0.6176899373531342
3786,0.5696239247918129
3787,0.6617974042892456
3788,0.7486447989940643
3789,0.670802041888237
3790,0.6491123884916306
3791,0.6651000380516052
3792,0.7233249098062515
3793,0.7779792845249176
3794,0.7434067875146866
3795,0.8016689419746399
3796,0.7082785665988922
3797,0.7075257897377014
3798,0.721549853682518
3799,0.7011519968509674
3800,0.7054905593395233
3801,0.6338543891906738
3802,0.5583854839205742
3803,0.5989823192358017
3804,0.6736554652452469
3805,0.6091200709342957
3806,0.6641973257064819
3807,0.6355753988027573
3808,0.6417787224054337
3809,0.600870668888092
3810,0.6092314273118973
3811,0.593488521873951
3812,0.7848020792007446
3813,0.8436304926872253
3814,0.6987561583518982
3815,0.8146054446697235
3816,0.6507607698440552
3817,0.6370131969451904
3818,0.5219480525702238
3819,0.7547469139099121
3820,0.7151450961828232
3821,0.8150641024112701
3822,0.725392535328865
3823,0.6224858239293098
3824,0.591359905898571
3825,0.6098864302039146
3826,0.5905336886644363
3827,0.844854086637497
3828,0.6013521701097488
3829,0.6224406063556671
3830,0.5904797986149788
3831,0.6332158446311951
3832,0.6586953103542328
3833,0.7554066181182861
3834,0.6891153454780579
3835,0.6884625405073166
3836,0.7309403717517853
3837,0.5805724784731865
3838,0.6549740880727768
3839,0.7072359919548035
3840,0.6296727359294891
3841,0.6109725907444954
3842,0.580980472266674
3843,0.6550298035144806
3844,0.5928033962845802
3845,0.6205956116318703
3846,0.7208468317985535
3847,0.8046857118606567
3848,0.7490513473749161
3849,0.5679792612791061
3850,0.6067633032798767
3851,0.7131680846214294
3852,0.6805293560028076
3853,0.6513186395168304
3854,0.5748227313160896
3855,0.6552124470472336
3856,0.6234518066048622
3857,0.6087423264980316
3858,0.8248615562915802
3859,0.9249027967453003
3860,0.736609697341919
3861,0.7735546827316284
3862,0.73176509141922
3863,0.5931041687726974
3864,0.6484842896461487
3865,0.6669091135263443
3866,0.6884255111217499
3867,0.5393923409283161
3868,0.7420936822891235
3869,0.6644733548164368
3870,0.6669111400842667
3871,0.707151859998703
3872,0.6883184611797333
3873,0.6053211539983749
3874,0.6968970596790314
3875,0.6905423551797867
3876,0.6103267818689346
3877,0.6350614279508591
3878,0.7610628008842468
3879,0.7621362209320068
3880,0.6676540970802307
3881,0.7149697691202164
3882,0.7640428841114044
3883,0.6413304954767227
3884,0.6270380318164825
3885,0.6427084356546402
3886,0.6894007921218872
3887,0.6207834556698799
3888,0.6396342217922211
3889,0.6410179138183594
3890,0.7295176684856415
3891,0.7980912625789642
3892,0.6935902982950211
3893,0.5990824848413467
3894,0.6202478408813477
3895,0.6038004755973816
3896,0.6125607341527939
3897,0.7150634825229645
3898,0.6235701441764832
3899,0.5936949551105499
3900,0.5917138829827309
3901,0.7480863183736801
3902,0.5901814475655556
3903,0.7022021859884262
3904,0.6365315765142441
3905,0.7201597094535828
3906,0.6435487270355225
3907,0.6279251277446747
3908,0.7709926068782806
3909,0.6236431077122688
3910,0.6424723714590073
3911,0.7338264584541321
3912,0.7030751407146454
3913,0.6223697066307068
3914,0.6899459064006805
3915,0.6416202187538147
3916,0.6104943752288818
3917,0.6213870197534561
3918,0.6040589362382889
3919,0.6819705963134766
3920,0.598115086555481
3921,0.6969432532787323
3922,0.6752267926931381
3923,0.5417464599013329
3924,0.6334119439125061
3925,0.5648191124200821
3926,0.5748458281159401
3927,0.7486080229282379
3928,0.6449696123600006
3929,0.6781936436891556
3930,0.6394784301519394
3931,0.7363242506980896
3932,0.5798095762729645
3933,0.6506660133600235
3934,0.8011351227760315
3935,0.6163135319948196
3936,0.6032139360904694
3937,0.8839708864688873
3938,0.7417101413011551
3939,0.7526471614837646
3940,0.630461260676384
3941,0.6442380398511887
3942,0.6247295662760735
3943,0.6117402091622353
3944,0.6969936192035675
3945,0.7065910547971725
3946,0.6815803796052933
3947,0.6598659455776215
3948,0.7169261127710342
3949,0.5854909718036652
3950,0.6675955355167389
3951,0.663012906908989
3952,0.6069319918751717
3953,0.6938346326351166
3954,0.5677964389324188
3955,0.594198003411293
3956,0.6027386859059334
3957,0.6381275802850723
3958,0.6211946532130241
3959,0.6631494909524918
3960,0.6396014541387558
3961,0.5666631609201431
3962,0.6142460182309151
3963,0.7124324589967728
3964,0.7239391803741455
3965,0.5678019896149635
3966,0.6623362153768539
3967,0.7327945232391357
3968,0.592224083840847
3969,0.6738944202661514
3970,0.6069386526942253
3971,0.6558955907821655
3972,0.5674323812127113
3973,0.662007212638855
3974,0.6962683498859406
3975,0.6074570938944817
3976,0.6043799221515656
3977,0.6302019357681274
3978,0.7185331135988235
3979,0.6406514048576355
3980,0.6364031136035919
3981,0.5944276303052902
3982,0.7107170969247818
3983,0.7020057439804077
3984,0.5937277376651764
3985,0.7829262316226959
3986,0.7155582159757614
3987,0.6055471152067184
3988,0.6106209233403206
3989,0.6565979421138763
3990,0.6279332935810089
3991,0.5833694711327553
3992,0.5499440133571625
3993,0.6603115499019623
3994,0.5869954228401184
3995,0.6023776680231094
3996,0.834395170211792
3997,0.747694343328476
3998,0.673944965004921
3999,0.6329683363437653
4000,0.609597697854042
4001,0.5909629464149475
4002,0.5910976156592369
4003,0.6433346122503281
4004,0.6195389106869698
4005,0.6786158680915833
4006,0.6019299775362015
4007,0.5479841530323029
4008,0.645968571305275
4009,0.5707975700497627
4010,0.6585769355297089
4011,0.7555301487445831
4012,0.5904030799865723
4013,0.6430129110813141
4014,0.6128185093402863
4015,0.6217728182673454
4016,0.6435034275054932
4017,0.6354261785745621
4018,0.6716219931840897
4019,0.643377423286438
4020,0.587482750415802
4021,0.578446552157402
4022,0.5927374735474586
